date,open,high,low,close,adj_close,volume
2015-05-21 00:00:00-04:00,2.799999952,2.874000072,2.411000013,2.568000078,2.568000078,123039000
2015-05-22 00:00:00-04:00,2.607000113,3.109999895,2.599999905,2.83100009,2.83100009,28412000
2015-05-26 00:00:00-04:00,2.980000019,3.03399992,2.907999992,2.964999914,2.964999914,8202000
2015-05-27 00:00:00-04:00,3.066999912,3.08100009,2.700000048,2.75,2.75,7976000
2015-05-28 00:00:00-04:00,2.755000114,2.773999929,2.648000002,2.744999886,2.744999886,4000000
2015-05-29 00:00:00-04:00,2.724999905,2.737999916,2.687000036,2.720000029,2.720000029,2554000
2015-06-01 00:00:00-04:00,2.720000029,2.743999958,2.660000086,2.73300004,2.73300004,2569000
2015-06-02 00:00:00-04:00,2.746999979,2.746999979,2.664999962,2.694999933,2.694999933,3798000
2015-06-03 00:00:00-04:00,2.676000118,2.75,2.650000095,2.743999958,2.743999958,3024000
2015-06-04 00:00:00-04:00,2.742000103,2.749000072,2.551000118,2.677999973,2.677999973,3226000
2015-06-05 00:00:00-04:00,2.665999889,2.739000082,2.609999895,2.739000082,2.739000082,1294000
2015-06-08 00:00:00-04:00,2.690000057,2.747999907,2.681999922,2.697999954,2.697999954,2809000
2015-06-09 00:00:00-04:00,2.664000034,2.845999956,2.664000034,2.834000111,2.834000111,3375000
2015-06-10 00:00:00-04:00,2.845000029,2.888000011,2.795000076,2.809999943,2.809999943,2734000
2015-06-11 00:00:00-04:00,2.848999977,3.072999954,2.848999977,3.072999954,3.072999954,4606000
2015-06-12 00:00:00-04:00,3.131999969,3.369999886,3.125,3.362999916,3.362999916,8474000
2015-06-15 00:00:00-04:00,3.397000074,3.812000036,3.292000055,3.549999952,3.549999952,16943000
2015-06-16 00:00:00-04:00,3.605999947,3.837899923,3.584000111,3.811000109,3.811000109,11095000
2015-06-17 00:00:00-04:00,3.963000059,4.212999821,3.801000118,3.862999916,3.862999916,15952000
2015-06-18 00:00:00-04:00,3.842000008,3.888999939,3.432600021,3.555000067,3.555000067,11482000
2015-06-19 00:00:00-04:00,3.632999897,3.674000025,3.255000114,3.552000046,3.552000046,9797000
2015-06-22 00:00:00-04:00,3.676000118,3.849999905,3.608999968,3.694000006,3.694000006,7922000
2015-06-23 00:00:00-04:00,3.775000095,3.809999943,3.51699996,3.542999983,3.542999983,2939000
2015-06-24 00:00:00-04:00,3.512000084,3.742899895,3.414000034,3.595999956,3.595999956,5644000
2015-06-25 00:00:00-04:00,3.634000063,3.650000095,3.480000019,3.483999968,3.483999968,2082000
2015-06-26 00:00:00-04:00,3.486999989,3.532000065,3.263000011,3.351999998,3.351999998,3465000
2015-06-29 00:00:00-04:00,3.252000093,3.351000071,3.119999886,3.131999969,3.131999969,3155000
2015-06-30 00:00:00-04:00,3.150000095,3.444000006,3.150000095,3.394999981,3.394999981,4733000
2015-07-01 00:00:00-04:00,3.403000116,3.496999979,2.987999916,3.111000061,3.111000061,10126000
2015-07-02 00:00:00-04:00,3.151000023,3.173000097,3.062000036,3.131000042,3.131000042,3032000
2015-07-06 00:00:00-04:00,3.107000113,3.174000025,3.038000107,3.052999973,3.052999973,1493000
2015-07-07 00:00:00-04:00,3.046999931,3.082999945,2.849999905,3.075999975,3.075999975,3489000
2015-07-08 00:00:00-04:00,3.002000093,3.036000013,2.903000116,2.91899991,2.91899991,1869000
2015-07-09 00:00:00-04:00,2.97300005,3.038000107,2.880000114,2.905999899,2.905999899,2491000
2015-07-10 00:00:00-04:00,2.931999922,3.029000044,2.910000086,2.960000038,2.960000038,2805000
2015-07-13 00:00:00-04:00,2.984999895,3.098999977,2.976000071,3.042000055,3.042000055,2201000
2015-07-14 00:00:00-04:00,3.078000069,3.132699966,3.049999952,3.085999966,3.085999966,1455000
2015-07-15 00:00:00-04:00,3.088999987,3.101000071,2.891000032,2.934000015,2.934000015,3570000
2015-07-16 00:00:00-04:00,2.905999899,2.986999989,2.893100023,2.938999891,2.938999891,1482000
2015-07-17 00:00:00-04:00,2.931999922,3.234999895,2.914999962,3.226999998,3.226999998,16198000
2015-07-20 00:00:00-04:00,3.236999989,3.392999887,3.164099932,3.375,3.375,4140000
2015-07-21 00:00:00-04:00,3.394999981,3.46600008,3.209000111,3.322000027,3.322000027,4148000
2015-07-22 00:00:00-04:00,3.299000025,3.348999977,3.135999918,3.213999987,3.213999987,2556000
2015-07-23 00:00:00-04:00,3.259000063,3.443000078,3.257999897,3.311000109,3.311000109,2655000
2015-07-24 00:00:00-04:00,3.345000029,3.474999905,3.323999882,3.357000113,3.357000113,3577000
2015-07-27 00:00:00-04:00,3.339999914,3.394999981,3.204999924,3.286999941,3.286999941,2005000
2015-07-28 00:00:00-04:00,3.349999905,3.447999954,3.282999992,3.405999899,3.405999899,1746000
2015-07-29 00:00:00-04:00,3.410000086,3.484999895,3.319999933,3.415999889,3.415999889,2008000
2015-07-30 00:00:00-04:00,3.865499973,4.025000095,3.700999975,3.812999964,3.812999964,11622000
2015-07-31 00:00:00-04:00,3.812999964,3.825000048,3.63499999,3.739000082,3.739000082,5258000
2015-08-03 00:00:00-04:00,3.749000072,4.048999786,3.660000086,4.035999775,4.035999775,5351000
2015-08-04 00:00:00-04:00,4.011000156,4.111000061,3.812999964,3.84100008,3.84100008,5725000
2015-08-05 00:00:00-04:00,3.90199995,3.996999979,3.815999985,3.845000029,3.845000029,2911000
2015-08-06 00:00:00-04:00,3.839999914,3.875,3.519999981,3.628000021,3.628000021,3827000
2015-08-07 00:00:00-04:00,3.627000093,3.627000093,3.424999952,3.516000032,3.516000032,3215000
2015-08-10 00:00:00-04:00,3.529999971,3.614000082,3.286999941,3.346999884,3.346999884,4799000
2015-08-11 00:00:00-04:00,3.365999937,3.559000015,3.29640007,3.513999939,3.513999939,2693000
2015-08-12 00:00:00-04:00,3.484999895,3.520999908,3.375,3.47300005,3.47300005,2369000
2015-08-13 00:00:00-04:00,3.479000092,3.648999929,3.450999975,3.530999899,3.530999899,2259000
2015-08-14 00:00:00-04:00,3.5,3.575000048,3.40899992,3.45600009,3.45600009,1437000
2015-08-17 00:00:00-04:00,3.476999998,3.5,3.329999924,3.440999985,3.440999985,1623000
2015-08-18 00:00:00-04:00,3.417999983,3.417999983,3.247999907,3.25999999,3.25999999,1870000
2015-08-19 00:00:00-04:00,3.236999989,3.246999979,3.059999943,3.109999895,3.109999895,4447000
2015-08-20 00:00:00-04:00,3.075999975,3.109999895,2.914999962,2.921999931,2.921999931,2696000
2015-08-21 00:00:00-04:00,2.875,2.996999979,2.730999947,2.77699995,2.77699995,4042000
2015-08-24 00:00:00-04:00,2.551000118,2.848999977,2.269999981,2.628000021,2.628000021,4271000
2015-08-25 00:00:00-04:00,2.828999996,2.977999926,2.684999943,2.693000078,2.693000078,3043000
2015-08-26 00:00:00-04:00,2.849999905,2.857000113,2.630000114,2.822000027,2.822000027,3901000
2015-08-27 00:00:00-04:00,2.894000053,2.960000038,2.779999971,2.851000071,2.851000071,2682000
2015-08-28 00:00:00-04:00,2.835999966,2.90079999,2.772000074,2.799999952,2.799999952,1370000
2015-08-31 00:00:00-04:00,2.813999891,2.877000093,2.709000111,2.753999949,2.753999949,1305000
2015-09-01 00:00:00-04:00,2.729000092,2.729000092,2.638999939,2.660000086,2.660000086,1301000
2015-09-02 00:00:00-04:00,2.673000097,2.754899979,2.605999947,2.670000076,2.670000076,1670000
2015-09-03 00:00:00-04:00,2.655999899,2.799999952,2.651000023,2.714999914,2.714999914,1325000
2015-09-04 00:00:00-04:00,2.697999954,2.72300005,2.637000084,2.680999994,2.680999994,1291000
2015-09-08 00:00:00-04:00,2.703000069,2.764499903,2.674499989,2.713999987,2.713999987,1074000
2015-09-09 00:00:00-04:00,2.789999962,2.851000071,2.588999987,2.601000071,2.601000071,3204000
2015-09-10 00:00:00-04:00,2.605000019,2.647399902,2.558000088,2.576999903,2.576999903,1391000
2015-09-11 00:00:00-04:00,2.555000067,2.647000074,2.555000067,2.635999918,2.635999918,1874000
2015-09-14 00:00:00-04:00,2.627000093,2.726000071,2.601000071,2.720999956,2.720999956,2209000
2015-09-15 00:00:00-04:00,2.713999987,2.845999956,2.710000038,2.811000109,2.811000109,2511000
2015-09-16 00:00:00-04:00,2.812999964,2.926000118,2.803999901,2.891000032,2.891000032,1331000
2015-09-17 00:00:00-04:00,2.989000082,3.795000076,2.984999895,3.555000067,3.555000067,21123000
2015-09-18 00:00:00-04:00,3.57249999,3.746999979,3.451999903,3.565999985,3.565999985,7867000
2015-09-21 00:00:00-04:00,3.569999933,3.700000048,3.474999905,3.48300004,3.48300004,3935000
2015-09-22 00:00:00-04:00,3.450000048,3.450000048,3.280999899,3.365999937,3.365999937,3327000
2015-09-23 00:00:00-04:00,3.352999926,3.467000008,3.282999992,3.349999905,3.349999905,3400000
2015-09-24 00:00:00-04:00,3.298000097,3.40899992,3.209000111,3.346999884,3.346999884,2446000
2015-09-25 00:00:00-04:00,3.38499999,3.563999891,3.312000036,3.391000032,3.391000032,3552000
2015-09-28 00:00:00-04:00,3.364000082,3.396699905,3.25,3.305000067,3.305000067,2049000
2015-09-29 00:00:00-04:00,3.240999937,3.398499966,3.240999937,3.364000082,3.364000082,2213000
2015-09-30 00:00:00-04:00,3.569000006,3.576499939,3.365999937,3.519999981,3.519999981,2999000
2015-10-01 00:00:00-04:00,3.536999941,3.575000048,3.372999907,3.506999969,3.506999969,2480000
2015-10-02 00:00:00-04:00,3.464999914,3.609999895,3.41899991,3.58100009,3.58100009,2366000
2015-10-05 00:00:00-04:00,3.605000019,3.928999901,3.605000019,3.676000118,3.676000118,6644000
2015-10-06 00:00:00-04:00,3.671999931,3.742000103,3.500999928,3.621000051,3.621000051,2809000
2015-10-07 00:00:00-04:00,3.601000071,3.736999989,3.590199947,3.73300004,3.73300004,2363000
2015-10-08 00:00:00-04:00,3.720999956,3.900000095,3.644999981,3.823999882,3.823999882,4720000
2015-10-09 00:00:00-04:00,3.839999914,3.887200117,3.660000086,3.701999903,3.701999903,1640000
2015-10-12 00:00:00-04:00,3.703999996,3.734200001,3.049999952,3.430999994,3.430999994,8194000
2015-10-13 00:00:00-04:00,3.496999979,3.559999943,3.305999994,3.312000036,3.312000036,1912000
2015-10-14 00:00:00-04:00,3.348999977,3.450000048,3.223500013,3.364000082,3.364000082,2947000
2015-10-15 00:00:00-04:00,3.364000082,3.441999912,3.319999933,3.414000034,3.414000034,2626000
2015-10-16 00:00:00-04:00,3.450999975,3.459000111,3.339999914,3.433000088,3.433000088,2690000
2015-10-19 00:00:00-04:00,3.427999973,3.489000082,3.311000109,3.335999966,3.335999966,2958000
2015-10-20 00:00:00-04:00,3.344000101,3.352999926,3.118999958,3.150000095,3.150000095,2847000
2015-10-21 00:00:00-04:00,3.154000044,3.253999949,3.131999969,3.194999933,3.194999933,1534000
2015-10-22 00:00:00-04:00,3.226999998,3.244999886,3.171000004,3.200999975,3.200999975,2293000
2015-10-23 00:00:00-04:00,3.197999954,3.243400097,3.108999968,3.165999889,3.165999889,1998000
2015-10-26 00:00:00-04:00,3.165999889,3.174999952,3.075999975,3.107000113,3.107000113,1080000
2015-10-27 00:00:00-04:00,3.068000078,3.104000092,2.971999884,3.104000092,3.104000092,2962000
2015-10-28 00:00:00-04:00,3.062000036,3.124000072,3.026000023,3.111999989,3.111999989,1091000
2015-10-29 00:00:00-04:00,3.082000017,3.201999903,3.010999918,3.15899992,3.15899992,1715000
2015-10-30 00:00:00-04:00,3.148999929,3.249000072,3.099999905,3.221999884,3.221999884,2607000
2015-11-02 00:00:00-05:00,3.236000061,3.361999989,3.09100008,3.095999956,3.095999956,3020000
2015-11-03 00:00:00-05:00,3.105000019,3.174999952,2.963999987,3.144000053,3.144000053,5540000
2015-11-04 00:00:00-05:00,3.372999907,3.392999887,2.963000059,3.174999952,3.174999952,9637000
2015-11-05 00:00:00-05:00,3.250999928,3.354000092,3.13499999,3.161999941,3.161999941,5636000
2015-11-06 00:00:00-05:00,3.160000086,3.240999937,3.148999929,3.154000044,3.154000044,4018000
2015-11-09 00:00:00-05:00,3.163000107,3.164000034,2.973999977,3.023000002,3.023000002,2992000
2015-11-10 00:00:00-05:00,3.00999999,3.045000076,2.819999933,2.858999968,2.858999968,3445000
2015-11-11 00:00:00-05:00,2.882999897,2.900000095,2.769999981,2.818000078,2.818000078,3108000
2015-11-12 00:00:00-05:00,2.799999952,2.989000082,2.757999897,2.885999918,2.885999918,5408000
2015-11-13 00:00:00-05:00,2.892999887,3,2.816999912,2.832999945,2.832999945,3688000
2015-11-16 00:00:00-05:00,2.825999975,2.862999916,2.638000011,2.734999895,2.734999895,7292000
2015-11-17 00:00:00-05:00,2.650000095,2.700000048,2.552999973,2.638999939,2.638999939,26041000
2015-11-18 00:00:00-05:00,2.687000036,2.799999952,2.650000095,2.799999952,2.799999952,19074000
2015-11-19 00:00:00-05:00,2.799999952,2.971999884,2.78399992,2.944999933,2.944999933,12337000
2015-11-20 00:00:00-05:00,2.950000048,2.960000038,2.772000074,2.822999954,2.822999954,8842000
2015-11-23 00:00:00-05:00,2.815000057,2.900000095,2.786099911,2.887000084,2.887000084,3863000
2015-11-24 00:00:00-05:00,2.845999956,2.845999956,2.680999994,2.694999933,2.694999933,11926000
2015-11-25 00:00:00-05:00,2.724999905,2.767800093,2.625999928,2.644000053,2.644000053,9340000
2015-11-27 00:00:00-05:00,2.680000067,2.697999954,2.630000114,2.671000004,2.671000004,3141000
2015-11-30 00:00:00-05:00,2.690000057,2.696000099,2.621999979,2.634000063,2.634000063,5098000
2015-12-01 00:00:00-05:00,2.618000031,2.670000076,2.618000031,2.628000021,2.628000021,4330000
2015-12-02 00:00:00-05:00,2.631999969,2.657000065,2.579999924,2.641000032,2.641000032,3855000
2015-12-03 00:00:00-05:00,2.650000095,2.687999964,2.612999916,2.683000088,2.683000088,6137000
2015-12-04 00:00:00-05:00,2.684999943,2.74000001,2.654000044,2.711999893,2.711999893,6293000
2015-12-07 00:00:00-05:00,2.663000107,2.714999914,2.654000044,2.687999964,2.687999964,6162000
2015-12-08 00:00:00-05:00,2.640000105,2.678999901,2.604000092,2.648000002,2.648000002,4732000
2015-12-09 00:00:00-05:00,2.628000021,2.628000021,2.441999912,2.480999947,2.480999947,9383000
2015-12-10 00:00:00-05:00,2.480999947,2.520499945,2.454999924,2.496000051,2.496000051,5648000
2015-12-11 00:00:00-05:00,2.463000059,2.528000116,2.453999996,2.476000071,2.476000071,1912000
2015-12-14 00:00:00-05:00,2.463000059,2.5,2.415999889,2.45600009,2.45600009,2902000
2015-12-15 00:00:00-05:00,2.448999882,2.556999922,2.440000057,2.536000013,2.536000013,5266000
2015-12-16 00:00:00-05:00,2.549999952,2.635999918,2.529000044,2.621000051,2.621000051,6101000
2015-12-17 00:00:00-05:00,2.628999949,2.680000067,2.615999937,2.653000116,2.653000116,3737000
2015-12-18 00:00:00-05:00,2.617000103,2.637000084,2.530999899,2.530999899,2.530999899,3531000
2015-12-21 00:00:00-05:00,2.549999952,2.573999882,2.405999899,2.444999933,2.444999933,2729000
2015-12-22 00:00:00-05:00,2.450000048,2.48300004,2.422199965,2.46600008,2.46600008,1838000
2015-12-23 00:00:00-05:00,2.469000101,2.529000044,2.457000017,2.492000103,2.492000103,1418000
2015-12-24 00:00:00-05:00,2.493999958,2.545000076,2.493000031,2.53399992,2.53399992,1039000
2015-12-28 00:00:00-05:00,2.52699995,2.546000004,2.476000071,2.483999968,2.483999968,1125000
2015-12-29 00:00:00-05:00,2.500999928,2.568000078,2.488100052,2.517999887,2.517999887,1846000
2015-12-30 00:00:00-05:00,2.512000084,2.655999899,2.512000084,2.59800005,2.59800005,2429000
2015-12-31 00:00:00-05:00,2.585000038,2.619999886,2.522000074,2.579999924,2.579999924,2349000
2016-01-04 00:00:00-05:00,2.542000055,2.583499908,2.451999903,2.572000027,2.572000027,6018000
2016-01-05 00:00:00-05:00,2.549999952,2.650000095,2.526000023,2.530999899,2.530999899,4182000
2016-01-06 00:00:00-05:00,2.494999886,2.53399992,2.417999983,2.529999971,2.529999971,2566000
2016-01-07 00:00:00-05:00,2.5,2.558000088,2.463000059,2.467000008,2.467000008,4160000
2016-01-08 00:00:00-05:00,2.5,2.536999941,2.470000029,2.493000031,2.493000031,1374000
2016-01-11 00:00:00-05:00,2.494999886,2.503000021,2.352999926,2.387000084,2.387000084,2945000
2016-01-12 00:00:00-05:00,2.414999962,2.471999884,2.34100008,2.374000072,2.374000072,3698000
2016-01-13 00:00:00-05:00,2.372999907,2.392499924,2.125,2.138000011,2.138000011,5105000
2016-01-14 00:00:00-05:00,2.144000053,2.144000053,1.985000014,2.063999891,2.063999891,8137000
2016-01-15 00:00:00-05:00,2.023999929,2.023999929,1.84800005,1.988999963,1.988999963,9212000
2016-01-19 00:00:00-05:00,2.142999887,2.154999971,2.017999887,2.029999971,2.029999971,8835000
2016-01-20 00:00:00-05:00,2,2.095000029,1.860999942,2.052999973,2.052999973,5026000
2016-01-21 00:00:00-05:00,2.092999935,2.339999914,2.055999994,2.279000044,2.279000044,11028000
2016-01-22 00:00:00-05:00,2.346999884,2.371000051,2.263999939,2.306999922,2.306999922,7820000
2016-01-25 00:00:00-05:00,2.312999964,2.368000031,2.266000032,2.312999964,2.312999964,3380000
2016-01-26 00:00:00-05:00,2.344000101,2.351000071,2.238500118,2.309000015,2.309000015,1756000
2016-01-27 00:00:00-05:00,2.292000055,2.323999882,2.200000048,2.200000048,2.200000048,2890000
2016-01-28 00:00:00-05:00,2.226999998,2.289999962,2.200999975,2.25,2.25,3153000
2016-01-29 00:00:00-05:00,2.249000072,2.329999924,2.236999989,2.322000027,2.322000027,5384000
2016-02-01 00:00:00-05:00,2.325999975,2.371000051,2.286000013,2.352999926,2.352999926,3734000
2016-02-02 00:00:00-05:00,2.326999903,2.351500034,2.219000101,2.262000084,2.262000084,5387000
2016-02-03 00:00:00-05:00,2.289000034,2.302999973,2.171999931,2.299999952,2.299999952,5558000
2016-02-04 00:00:00-05:00,2.286000013,2.378999949,2.280999899,2.34800005,2.34800005,3637000
2016-02-05 00:00:00-05:00,2.332999945,2.343499899,2.127000093,2.187000036,2.187000036,13918000
2016-02-08 00:00:00-05:00,2.15199995,2.174999952,1.991999984,2.038000107,2.038000107,6237000
2016-02-09 00:00:00-05:00,2.032000065,2.102999926,1.968999982,1.985000014,1.985000014,3927000
2016-02-10 00:00:00-05:00,2.000999928,2.056999922,1.984500051,1.996999979,1.996999979,1602000
2016-02-11 00:00:00-05:00,1.950000048,1.998999953,1.889999986,1.937000036,1.937000036,2126000
2016-02-12 00:00:00-05:00,1.93900001,1.985000014,1.85800004,1.932999969,1.932999969,4952000
2016-02-16 00:00:00-05:00,2.053999901,2.14199996,1.981999993,2.049999952,2.049999952,11851000
2016-02-17 00:00:00-05:00,2.428999901,2.480999947,2.164000034,2.236999989,2.236999989,34914000
2016-02-18 00:00:00-05:00,2.299000025,2.316999912,2.055000067,2.059000015,2.059000015,14585000
2016-02-19 00:00:00-05:00,2.022000074,2.075000048,1.983999968,2.056999922,2.056999922,6386000
2016-02-22 00:00:00-05:00,2.079999924,2.138999939,2.061000109,2.121000051,2.121000051,7640000
2016-02-23 00:00:00-05:00,2.105999947,2.137000084,1.950999975,2.003999949,2.003999949,13058000
2016-02-24 00:00:00-05:00,1.976999998,2.118999958,1.968000054,2.101999998,2.101999998,9715000
2016-02-25 00:00:00-05:00,2.132999897,2.183000088,2.076999903,2.165999889,2.165999889,12715000
2016-02-26 00:00:00-05:00,2.16899991,2.211999893,2.131999969,2.200000048,2.200000048,11062000
2016-02-29 00:00:00-05:00,2.203000069,2.289999962,2.190000057,2.237999916,2.237999916,6481000
2016-03-01 00:00:00-05:00,2.26699996,2.286999941,2.200999975,2.269000053,2.269000053,6927000
2016-03-02 00:00:00-05:00,2.263999939,2.444000006,2.246999979,2.436000109,2.436000109,14958000
2016-03-03 00:00:00-05:00,2.436000109,2.571000099,2.367500067,2.427000046,2.427000046,12105000
2016-03-04 00:00:00-05:00,2.450999975,2.549999952,2.440000057,2.516000032,2.516000032,8772000
2016-03-07 00:00:00-05:00,2.5,2.59100008,2.476999998,2.586999893,2.586999893,8619000
2016-03-08 00:00:00-05:00,2.621000051,2.698999882,2.595000029,2.678999901,2.678999901,13482000
2016-03-09 00:00:00-05:00,2.690999985,2.690999985,2.601999998,2.607000113,2.607000113,9499000
2016-03-10 00:00:00-05:00,2.642999887,2.644999981,2.530999899,2.539000034,2.539000034,4906000
2016-03-11 00:00:00-05:00,2.575000048,2.677000046,2.563999891,2.670000076,2.670000076,6347000
2016-03-14 00:00:00-04:00,2.693000078,2.700000048,2.625,2.657999992,2.657999992,2150000
2016-03-15 00:00:00-04:00,2.63499999,2.645400047,2.565599918,2.582999945,2.582999945,2693000
2016-03-16 00:00:00-04:00,2.584000111,2.694999933,2.556999922,2.680000067,2.680000067,4010000
2016-03-17 00:00:00-04:00,2.688999891,2.723999977,2.655999899,2.714999914,2.714999914,5608000
2016-03-18 00:00:00-04:00,2.809000015,2.878000021,2.752000093,2.848999977,2.848999977,14563000
2016-03-21 00:00:00-04:00,2.84800005,2.862999916,2.765000105,2.803999901,2.803999901,4082000
2016-03-22 00:00:00-04:00,2.776000023,2.813999891,2.70600009,2.750999928,2.750999928,6682000
2016-03-23 00:00:00-04:00,2.727999926,2.759000063,2.608999968,2.619999886,2.619999886,3816000
2016-03-24 00:00:00-04:00,2.75,2.778000116,2.611999989,2.698999882,2.698999882,6823000
2016-03-28 00:00:00-04:00,2.767999887,2.780999899,2.687999964,2.759000063,2.759000063,5444000
2016-03-29 00:00:00-04:00,2.753000021,2.808000088,2.734999895,2.796999931,2.796999931,4030000
2016-03-30 00:00:00-04:00,2.825000048,2.861999989,2.773999929,2.77699995,2.77699995,5441000
2016-03-31 00:00:00-04:00,2.796000004,2.859899998,2.796000004,2.821000099,2.821000099,5311000
2016-04-01 00:00:00-04:00,2.788000107,2.867000103,2.756500006,2.845000029,2.845000029,6528000
2016-04-04 00:00:00-04:00,2.90199995,2.998899937,2.875,2.930000067,2.930000067,16197000
2016-04-05 00:00:00-04:00,2.924000025,2.924000025,2.864000082,2.875,2.875,5587000
2016-04-06 00:00:00-04:00,2.882999897,2.973999977,2.878000021,2.950000048,2.950000048,4938000
2016-04-07 00:00:00-04:00,2.947000027,2.969000101,2.894099951,2.921000004,2.921000004,3203000
2016-04-08 00:00:00-04:00,2.941999912,3,2.924000025,2.954999924,2.954999924,4434000
2016-04-11 00:00:00-04:00,2.993999958,3.000999928,2.950000048,2.951999903,2.951999903,5686000
2016-04-12 00:00:00-04:00,2.950000048,3.009000063,2.927999973,2.976999998,2.976999998,4080000
2016-04-13 00:00:00-04:00,2.996000051,3.028000116,2.974999905,2.980000019,2.980000019,4949000
2016-04-14 00:00:00-04:00,3.02699995,3.098999977,2.984999895,3.095999956,3.095999956,6278000
2016-04-15 00:00:00-04:00,3.101999998,3.108999968,3.055000067,3.096999884,3.096999884,2904000
2016-04-18 00:00:00-04:00,3.107000113,3.194999933,3.023000002,3.153000116,3.153000116,6208000
2016-04-19 00:00:00-04:00,3.193000078,3.239000082,3.150000095,3.204999924,3.204999924,4838000
2016-04-20 00:00:00-04:00,3.226000071,3.230999947,3.150000095,3.150000095,3.150000095,4421000
2016-04-21 00:00:00-04:00,3.164999962,3.196000099,3.13499999,3.153000116,3.153000116,2629000
2016-04-22 00:00:00-04:00,3.153000116,3.198999882,3.119999886,3.180999994,3.180999994,2242000
2016-04-25 00:00:00-04:00,3.190000057,3.198800087,3.079999924,3.112999916,3.112999916,3258000
2016-04-26 00:00:00-04:00,3.138999939,3.15899992,3.088999987,3.147000074,3.147000074,2167000
2016-04-27 00:00:00-04:00,3.148999929,3.200000048,3.125,3.183000088,3.183000088,2407000
2016-04-28 00:00:00-04:00,3.20600009,3.210000038,3.148999929,3.174999952,3.174999952,2825000
2016-04-29 00:00:00-04:00,3.186000109,3.227999926,3.164999962,3.184999943,3.184999943,3652000
2016-05-02 00:00:00-04:00,3.187999964,3.187999964,3.082000017,3.141000032,3.141000032,5063000
2016-05-03 00:00:00-04:00,3.099999905,3.134299994,3.065000057,3.073999882,3.073999882,4248000
2016-05-04 00:00:00-04:00,3.072999954,3.114000082,2.805000067,2.960999966,2.960999966,18391000
2016-05-05 00:00:00-04:00,2.953000069,2.980000019,2.809999943,2.851999998,2.851999998,10546000
2016-05-06 00:00:00-04:00,2.839999914,2.839999914,2.743000031,2.772000074,2.772000074,7288000
2016-05-09 00:00:00-04:00,2.743000031,2.75,2.569999933,2.645999908,2.645999908,16236000
2016-05-10 00:00:00-04:00,2.657000065,2.674000025,2.615999937,2.663000107,2.663000107,5851000
2016-05-11 00:00:00-04:00,2.663000107,2.663000107,2.595999956,2.627000093,2.627000093,4103000
2016-05-12 00:00:00-04:00,2.631000042,2.713999987,2.631000042,2.694999933,2.694999933,6330000
2016-05-13 00:00:00-04:00,2.690999985,2.717999935,2.496000051,2.628999949,2.628999949,3966000
2016-05-16 00:00:00-04:00,2.644000053,2.660000086,2.601000071,2.615999937,2.615999937,5208000
2016-05-17 00:00:00-04:00,2.617000103,2.694999933,2.601000071,2.680000067,2.680000067,6887000
2016-05-18 00:00:00-04:00,2.664999962,2.747999907,2.61500001,2.634000063,2.634000063,6253000
2016-05-19 00:00:00-04:00,2.607000113,2.628999949,2.569999933,2.596999884,2.596999884,7604000
2016-05-20 00:00:00-04:00,2.599999905,2.638999939,2.599999905,2.609999895,2.609999895,3666000
2016-05-23 00:00:00-04:00,2.61500001,2.729000092,2.608999968,2.681999922,2.681999922,7127000
2016-05-24 00:00:00-04:00,2.667999983,2.736999989,2.641000032,2.70600009,2.70600009,8433000
2016-05-25 00:00:00-04:00,2.710000038,2.832999945,2.703999996,2.819999933,2.819999933,9241000
2016-05-26 00:00:00-04:00,2.839999914,2.839999914,2.75999999,2.776000023,2.776000023,3638000
2016-05-27 00:00:00-04:00,2.76699996,2.868999958,2.762000084,2.857000113,2.857000113,3978000
2016-05-31 00:00:00-04:00,2.878999949,2.940999985,2.859999895,2.928999901,2.928999901,8526000
2016-06-01 00:00:00-04:00,3.015000105,3.131000042,2.99000001,3.107000113,3.107000113,27180000
2016-06-02 00:00:00-04:00,3.025000095,3.089999914,2.980000019,2.983999968,2.983999968,12774000
2016-06-03 00:00:00-04:00,2.999000072,3.015000105,2.930000067,2.957999945,2.957999945,4965000
2016-06-06 00:00:00-04:00,2.971999884,3.007999897,2.944999933,3,3,9872000
2016-06-07 00:00:00-04:00,2.99000001,3.013999939,2.959000111,2.986000061,2.986000061,10184000
2016-06-08 00:00:00-04:00,2.992000103,3.038000107,2.98300004,3.009000063,3.009000063,6773000
2016-06-09 00:00:00-04:00,2.992000103,3.012000084,2.934999943,2.940999985,2.940999985,4979000
2016-06-10 00:00:00-04:00,2.90199995,2.920000076,2.812999964,2.828000069,2.828000069,6365000
2016-06-13 00:00:00-04:00,2.815000057,2.842999935,2.775000095,2.799000025,2.799000025,3260000
2016-06-14 00:00:00-04:00,2.785000086,2.907000065,2.775000095,2.904999971,2.904999971,4150000
2016-06-15 00:00:00-04:00,2.901000023,2.947999954,2.861999989,2.865999937,2.865999937,3754000
2016-06-16 00:00:00-04:00,2.864000082,2.864000082,2.776000023,2.836999893,2.836999893,2870000
2016-06-17 00:00:00-04:00,2.852999926,2.911999941,2.821000099,2.894000053,2.894000053,3440000
2016-06-20 00:00:00-04:00,2.926000118,3.007999897,2.890000105,2.976999998,2.976999998,9537000
2016-06-21 00:00:00-04:00,2.96600008,3.002000093,2.947000027,2.986999989,2.986999989,6177000
2016-06-22 00:00:00-04:00,2.976000071,3.015500069,2.953999996,2.980999947,2.980999947,3830000
2016-06-23 00:00:00-04:00,3.006000042,3.151000023,2.974999905,3.119999886,3.119999886,9708000
2016-06-24 00:00:00-04:00,2.907000065,3.013999939,2.844000101,2.907000065,2.907000065,5882000
2016-06-27 00:00:00-04:00,2.859999895,2.903000116,2.63499999,2.71600008,2.71600008,8878000
2016-06-28 00:00:00-04:00,2.779000044,2.854000092,2.723999977,2.854000092,2.854000092,6409000
2016-06-29 00:00:00-04:00,2.915999889,3.035000086,2.910000086,3.032000065,3.032000065,6408000
2016-06-30 00:00:00-04:00,3.042000055,3.111000061,2.996500015,3.075999975,3.075999975,9006000
2016-07-01 00:00:00-04:00,3.075000048,3.101999998,3.065000057,3.082999945,3.082999945,5491000
2016-07-05 00:00:00-04:00,3.096999884,3.096999884,3.025000095,3.061000109,3.061000109,6592000
2016-07-06 00:00:00-04:00,3.026000023,3.069999933,3,3.065000057,3.065000057,3821000
2016-07-07 00:00:00-04:00,3.062000036,3.084000111,3.025000095,3.036999941,3.036999941,3052000
2016-07-08 00:00:00-04:00,3.059999943,3.111000061,3.054100037,3.099999905,3.099999905,8898000
2016-07-11 00:00:00-04:00,3.099999905,3.200000048,3.088000059,3.184999943,3.184999943,10497000
2016-07-12 00:00:00-04:00,3.200000048,3.325000048,3.194999933,3.249000072,3.249000072,14486000
2016-07-13 00:00:00-04:00,3.278000116,3.299999952,3.180999994,3.198999882,3.198999882,5939000
2016-07-14 00:00:00-04:00,3.240999937,3.25,3.188999891,3.210000038,3.210000038,6116000
2016-07-15 00:00:00-04:00,3.221999884,3.246000051,3.181999922,3.232000113,3.232000113,11509000
2016-07-18 00:00:00-04:00,3.279000044,3.287899971,3.190999985,3.220000029,3.220000029,7799000
2016-07-19 00:00:00-04:00,3.233999968,3.335000038,3.227999926,3.325999975,3.325999975,15701000
2016-07-20 00:00:00-04:00,3.280999899,3.357000113,3.273000002,3.309000015,3.309000015,12392000
2016-07-21 00:00:00-04:00,3.321000099,3.348999977,3.224999905,3.273000002,3.273000002,9941000
2016-07-22 00:00:00-04:00,3.289999962,3.345999956,3.246999979,3.286999941,3.286999941,16370000
2016-07-25 00:00:00-04:00,3.296000004,3.309999943,3.25,3.25999999,3.25999999,5406000
2016-07-26 00:00:00-04:00,3.253999949,3.273000002,3.183000088,3.255000114,3.255000114,8020000
2016-07-27 00:00:00-04:00,3.298000097,3.351999998,3.279000044,3.321000099,3.321000099,8569000
2016-07-28 00:00:00-04:00,3.351000071,3.457000017,3.342999935,3.427000046,3.427000046,10469000
2016-07-29 00:00:00-04:00,3.430999994,3.476000071,3.349999905,3.427000046,3.427000046,6709000
2016-08-01 00:00:00-04:00,3.441999912,3.447999954,3.309099913,3.404999971,3.404999971,7298000
2016-08-02 00:00:00-04:00,3.421999931,3.454999924,3.285000086,3.352999926,3.352999926,12036000
2016-08-03 00:00:00-04:00,3.496999979,3.714999914,3.319999933,3.678999901,3.678999901,33537000
2016-08-04 00:00:00-04:00,3.585000038,3.694999933,3.555000067,3.684999943,3.684999943,15616000
2016-08-05 00:00:00-04:00,3.70600009,3.74000001,3.635999918,3.700999975,3.700999975,9321000
2016-08-08 00:00:00-04:00,3.753000021,3.874000072,3.732500076,3.83100009,3.83100009,12033000
2016-08-09 00:00:00-04:00,3.832999945,3.923000097,3.801000118,3.878999949,3.878999949,13568000
2016-08-10 00:00:00-04:00,3.913000107,3.974999905,3.911999941,3.928999901,3.928999901,10585000
2016-08-11 00:00:00-04:00,3.954999924,4.092999935,3.954999924,3.990999937,3.990999937,21464000
2016-08-12 00:00:00-04:00,3.992000103,4.054999828,3.901000023,3.937999964,3.937999964,9704000
2016-08-15 00:00:00-04:00,3.986000061,3.99000001,3.888000011,3.907999992,3.907999992,11992000
2016-08-16 00:00:00-04:00,3.802000046,3.947999954,3.700000048,3.836999893,3.836999893,19243000
2016-08-17 00:00:00-04:00,3.890000105,3.957000017,3.859999895,3.874000072,3.874000072,58113000
2016-08-18 00:00:00-04:00,3.872999907,4.065000057,3.868000031,4.025000095,4.025000095,21969000
2016-08-19 00:00:00-04:00,4.037000179,4.278999805,4.025000095,4.241000175,4.241000175,17385000
2016-08-22 00:00:00-04:00,4.270999908,4.270999908,4.138999939,4.247000217,4.247000217,10158000
2016-08-23 00:00:00-04:00,4.297999859,4.361999989,4.169000149,4.176000118,4.176000118,17028000
2016-08-24 00:00:00-04:00,4.188000202,4.264999866,4.071000099,4.093999863,4.093999863,7926000
2016-08-25 00:00:00-04:00,4.078000069,4.106999874,4.020999908,4.063000202,4.063000202,9425000
2016-08-26 00:00:00-04:00,4.080999851,4.197000027,4.080999851,4.15199995,4.15199995,5864000
2016-08-29 00:00:00-04:00,4.15199995,4.181000233,4.106999874,4.138999939,4.138999939,3897000
2016-08-30 00:00:00-04:00,4.142000198,4.15500021,4.087999821,4.129000187,4.129000187,3927000
2016-08-31 00:00:00-04:00,4.113999844,4.140999794,4.079999924,4.136000156,4.136000156,6719000
2016-09-01 00:00:00-04:00,4.119999886,4.139999866,3.990999937,4.066999912,4.066999912,9715000
2016-09-02 00:00:00-04:00,4.09499979,4.377999783,4.09499979,4.242000103,4.242000103,14498000
2016-09-06 00:00:00-04:00,4.282000065,4.356999874,4.25,4.318999767,4.318999767,8102000
2016-09-07 00:00:00-04:00,4.34499979,4.368000031,4.231999874,4.277999878,4.277999878,5234000
2016-09-08 00:00:00-04:00,4.269999981,4.34800005,4.238999844,4.321000099,4.321000099,6511000
2016-09-09 00:00:00-04:00,4.264999866,4.28249979,4.073999882,4.104000092,4.104000092,9506000
2016-09-12 00:00:00-04:00,4.007999897,4.232999802,3.977999926,4.163000107,4.163000107,10295000
2016-09-13 00:00:00-04:00,4.118000031,4.153999805,3.994999886,4.05700016,4.05700016,5907000
2016-09-14 00:00:00-04:00,4.073999882,4.174399853,4.056000233,4.090000153,4.090000153,5796000
2016-09-15 00:00:00-04:00,4.120999813,4.210000038,4.077000141,4.177000046,4.177000046,5237000
2016-09-16 00:00:00-04:00,4.18599987,4.18599987,4.080999851,4.149000168,4.149000168,6893000
2016-09-19 00:00:00-04:00,4.197999954,4.486999989,4.178999901,4.295000076,4.295000076,16824000
2016-09-20 00:00:00-04:00,4.313000202,4.331999779,4.15199995,4.245999813,4.245999813,9732000
2016-09-21 00:00:00-04:00,4.293000221,4.465000153,4.275000095,4.449999809,4.449999809,10570000
2016-09-22 00:00:00-04:00,4.499000072,4.519999981,4.360000134,4.386000156,4.386000156,10216000
2016-09-23 00:00:00-04:00,4.386000156,4.396999836,4.285999775,4.335000038,4.335000038,6278000
2016-09-26 00:00:00-04:00,4.311999798,4.347000122,4.289999962,4.320000172,4.320000172,4230000
2016-09-27 00:00:00-04:00,4.316999912,4.400000095,4.302000046,4.387000084,4.387000084,4647000
2016-09-28 00:00:00-04:00,4.269999981,4.315999985,4.073999882,4.275000095,4.275000095,14682000
2016-09-29 00:00:00-04:00,4.301000118,4.412000179,4.263000011,4.296000004,4.296000004,6659000
2016-09-30 00:00:00-04:00,4.302999973,4.339000225,4.27699995,4.291999817,4.291999817,3848000
2016-10-03 00:00:00-04:00,4.323999882,4.375999928,4.227700233,4.302999973,4.302999973,5830000
2016-10-04 00:00:00-04:00,4.367000103,4.40899992,4.31400013,4.34100008,4.34100008,5605000
2016-10-05 00:00:00-04:00,4.381999969,4.429999828,4.326000214,4.376999855,4.376999855,4930000
2016-10-06 00:00:00-04:00,4.394000053,4.394000053,4.321000099,4.368000031,4.368000031,3130000
2016-10-07 00:00:00-04:00,4.407000065,4.453999996,4.350999832,4.43599987,4.43599987,7354000
2016-10-10 00:00:00-04:00,4.486999989,4.5,4.353000164,4.373000145,4.373000145,4308000
2016-10-11 00:00:00-04:00,4.436999798,4.436999798,4.190999985,4.230000019,4.230000019,5561000
2016-10-12 00:00:00-04:00,4.211999893,4.272999763,4.166999817,4.238999844,4.238999844,3380000
2016-10-13 00:00:00-04:00,4.199999809,4.232999802,4.014999866,4.209000111,4.209000111,9196000
2016-10-14 00:00:00-04:00,4.247000217,4.362999916,4.215000153,4.282000065,4.282000065,5013000
2016-10-17 00:00:00-04:00,4.221000195,4.275000095,4.169000149,4.202000141,4.202000141,4450000
2016-10-18 00:00:00-04:00,4.255000114,4.263999939,4.214000225,4.248000145,4.248000145,2303000
2016-10-19 00:00:00-04:00,4.252999783,4.423999786,4.242000103,4.339000225,4.339000225,5021000
2016-10-20 00:00:00-04:00,4.34100008,4.349999905,4.28000021,4.315000057,4.315000057,2481000
2016-10-21 00:00:00-04:00,4.271999836,4.367000103,4.271999836,4.34800005,4.34800005,3306000
2016-10-24 00:00:00-04:00,4.375,4.423999786,4.355000019,4.386000156,4.386000156,3313000
2016-10-25 00:00:00-04:00,4.421000004,4.421000004,4.315000057,4.348999977,4.348999977,4567000
2016-10-26 00:00:00-04:00,4.330999851,4.368999958,4.288000107,4.302999973,4.302999973,6838000
2016-10-27 00:00:00-04:00,4.313000202,4.357600212,4.133999825,4.135000229,4.135000229,6026000
2016-10-28 00:00:00-04:00,4.131000042,4.162000179,4.083000183,4.084000111,4.084000111,8142000
2016-10-31 00:00:00-04:00,4.103000164,4.175000191,4.086500168,4.144999981,4.144999981,6557000
2016-11-01 00:00:00-04:00,4.131000042,4.18900013,4.068999767,4.078000069,4.078000069,9371000
2016-11-02 00:00:00-04:00,4.199999809,4.518000126,4.184000015,4.356999874,4.356999874,21497000
2016-11-03 00:00:00-04:00,4.295000076,4.335000038,3.875,4.040999889,4.040999889,25536000
2016-11-04 00:00:00-04:00,4.018000126,4.066999912,3.897000074,3.914999962,3.914999962,9357000
2016-11-07 00:00:00-05:00,4.046999931,4.046999931,3.953999996,4.014999866,4.014999866,8248000
2016-11-08 00:00:00-05:00,4.013999939,4.156000137,3.976999998,4.135000229,4.135000229,8012000
2016-11-09 00:00:00-05:00,3.979000092,4.112999916,3.953000069,4.058000088,4.058000088,10861000
2016-11-10 00:00:00-05:00,4.072999954,4.153999805,3.950000048,4.008999825,4.008999825,9394000
2016-11-11 00:00:00-05:00,3.987999916,4.005000114,3.89199996,3.96600008,3.96600008,8914000
2016-11-14 00:00:00-05:00,3.994999886,3.994999886,3.773999929,3.789999962,3.789999962,11787000
2016-11-15 00:00:00-05:00,3.798000097,4.035999775,3.789999962,3.992000103,3.992000103,9415000
2016-11-16 00:00:00-05:00,3.989000082,4.072899818,3.944999933,4.035999775,4.035999775,5642000
2016-11-17 00:00:00-05:00,4.107999802,4.234000206,4.035999775,4.202000141,4.202000141,11615000
2016-11-18 00:00:00-05:00,4.249000072,4.423999786,4.209000111,4.40500021,4.40500021,14245000
2016-11-21 00:00:00-05:00,4.40199995,4.545000076,4.375999928,4.488999844,4.488999844,12720000
2016-11-22 00:00:00-05:00,4.482999802,4.522999763,4.255000114,4.296000004,4.296000004,16993000
2016-11-23 00:00:00-05:00,4.293000221,4.341499805,4.258999825,4.304999828,4.304999828,7846000
2016-11-25 00:00:00-05:00,4.346000195,4.367499828,4.304999828,4.327000141,4.327000141,2071000
2016-11-28 00:00:00-05:00,4.370999813,4.375,4.231999874,4.249000072,4.249000072,5004000
2016-11-29 00:00:00-05:00,4.288000107,4.320000172,4.235000134,4.258999825,4.258999825,4452000
2016-11-30 00:00:00-05:00,4.30700016,4.324999809,4.15899992,4.166999817,4.166999817,8209000
2016-12-01 00:00:00-05:00,4.181000233,4.205999851,3.961999893,3.967000008,3.967000008,11168000
2016-12-02 00:00:00-05:00,3.97300005,4.038000107,3.868999958,3.904999971,3.904999971,12778000
2016-12-05 00:00:00-05:00,3.947000027,4.123000145,3.947000027,4.05700016,4.05700016,8899000
2016-12-06 00:00:00-05:00,4.09499979,4.142399788,4.019000053,4.090000153,4.090000153,3946000
2016-12-07 00:00:00-05:00,4.117000103,4.120999813,4.005000114,4.072000027,4.072000027,5352000
2016-12-08 00:00:00-05:00,4.109000206,4.298500061,4.053899765,4.263000011,4.263000011,11154000
2016-12-09 00:00:00-05:00,4.300000191,4.367000103,4.177999973,4.222000122,4.222000122,7131000
2016-12-12 00:00:00-05:00,4.275000095,4.287000179,4.186999798,4.203999996,4.203999996,5056000
2016-12-13 00:00:00-05:00,4.201000214,4.272999763,4.189499855,4.227000237,4.227000237,5479000
2016-12-14 00:00:00-05:00,4.230999947,4.251999855,4.138000011,4.175000191,4.175000191,5343000
2016-12-15 00:00:00-05:00,4.162000179,4.282999992,4.135000229,4.241000175,4.241000175,7037000
2016-12-16 00:00:00-05:00,4.25,4.262000084,4.18900013,4.204999924,4.204999924,4460000
2016-12-19 00:00:00-05:00,4.235000134,4.291999817,4.175000191,4.186999798,4.186999798,5218000
2016-12-20 00:00:00-05:00,4.186999798,4.196000099,4.110000134,4.142000198,4.142000198,5156000
2016-12-21 00:00:00-05:00,4.15199995,4.15199995,4.06400013,4.079999924,4.079999924,6495000
2016-12-22 00:00:00-05:00,4.079999924,4.090899944,3.985100031,4.017000198,4.017000198,5026000
2016-12-23 00:00:00-05:00,4.004000187,4.138000011,4.004000187,4.133999825,4.133999825,6398000
2016-12-27 00:00:00-05:00,4.153999805,4.380000114,4.15199995,4.363999844,4.363999844,7513000
2016-12-28 00:00:00-05:00,4.353000164,4.423999786,4.282999992,4.322000027,4.322000027,8692000
2016-12-29 00:00:00-05:00,4.339000225,4.389999866,4.251999855,4.309999943,4.309999943,5326000
2016-12-30 00:00:00-05:00,4.328000069,4.34800005,4.261000156,4.287000179,4.287000179,4069000
2017-01-03 00:00:00-05:00,4.328000069,4.346000195,4.213500023,4.282000065,4.282000065,7054000
2017-01-04 00:00:00-05:00,4.326000214,4.441999912,4.284999847,4.414000034,4.414000034,8481000
2017-01-05 00:00:00-05:00,4.447000027,4.794000149,4.425000191,4.768000126,4.768000126,50702000
2017-01-06 00:00:00-05:00,4.736000061,4.764999866,4.570000172,4.690000057,4.690000057,20613000
2017-01-09 00:00:00-05:00,4.710999966,4.754000187,4.670000076,4.717999935,4.717999935,9211000
2017-01-10 00:00:00-05:00,4.702000141,4.913000107,4.702000141,4.787000179,4.787000179,16009000
2017-01-11 00:00:00-05:00,4.793000221,4.870999813,4.728099823,4.833000183,4.833000183,9476000
2017-01-12 00:00:00-05:00,4.863999844,4.885000229,4.761000156,4.857999802,4.857999802,9289000
2017-01-13 00:00:00-05:00,4.857999802,4.94299984,4.802000046,4.809999943,4.809999943,10542000
2017-01-17 00:00:00-05:00,4.882999897,4.974999905,4.830999851,4.952000141,4.952000141,13060000
2017-01-18 00:00:00-05:00,4.96600008,5,4.903999805,4.998000145,4.998000145,8457000
2017-01-19 00:00:00-05:00,5.012000084,5.112999916,4.989999771,5.065999985,5.065999985,10003000
2017-01-20 00:00:00-05:00,5.077000141,5.137000084,4.987100124,5.008999825,5.008999825,9163000
2017-01-23 00:00:00-05:00,5.010000229,5.034999847,4.925000191,4.943999767,4.943999767,8716000
2017-01-24 00:00:00-05:00,4.986000061,5,4.893000126,4.941999912,4.941999912,8523000
2017-01-25 00:00:00-05:00,5.011000156,5.197999954,5.001999855,5.136000156,5.136000156,11162000
2017-01-26 00:00:00-05:00,5.181000233,5.199999809,5.065000057,5.100999832,5.100999832,8371000
2017-01-27 00:00:00-05:00,5.099999905,5.164000034,5.099999905,5.153999805,5.153999805,5323000
2017-01-30 00:00:00-05:00,5.160999775,5.172999859,4.997000217,5.070000172,5.070000172,9377000
2017-01-31 00:00:00-05:00,5.03399992,5.085000038,5.017000198,5.081999779,5.081999779,7043000
2017-02-01 00:00:00-05:00,5.164000034,5.170700073,5.061999798,5.118999958,5.118999958,5519000
2017-02-02 00:00:00-05:00,5.118000031,5.264999866,5.104000092,5.231999874,5.231999874,9548000
2017-02-03 00:00:00-05:00,5.261000156,5.263000011,5.139999866,5.211999893,5.211999893,7689000
2017-02-06 00:00:00-05:00,5.218999863,5.274000168,5.145999908,5.268000126,5.268000126,4210000
2017-02-07 00:00:00-05:00,5.298999786,5.366000175,5.264999866,5.313000202,5.313000202,6809000
2017-02-08 00:00:00-05:00,5.359000206,5.363999844,5.272999763,5.336999893,5.336999893,7043000
2017-02-09 00:00:00-05:00,5.375,5.5,5.375,5.460999966,5.460999966,9000000
2017-02-10 00:00:00-05:00,5.522999763,5.625,5.489999771,5.521999836,5.521999836,17852000
2017-02-13 00:00:00-05:00,5.600999832,5.71600008,5.532000065,5.605000019,5.605000019,25408000
2017-02-14 00:00:00-05:00,5.631999969,5.631999969,5.514999866,5.605000019,5.605000019,19666000
2017-02-15 00:00:00-05:00,5.486999989,6.149000168,5.429999828,6.06099987,6.06099987,56969000
2017-02-16 00:00:00-05:00,6.118000031,6.247000217,5.955999851,6.097000122,6.097000122,21866000
2017-02-17 00:00:00-05:00,6.076000214,6.168000221,6.002999783,6.15199995,6.15199995,11943000
2017-02-21 00:00:00-05:00,6.215000153,6.393000126,6.18599987,6.308000088,6.308000088,19515000
2017-02-22 00:00:00-05:00,6.300000191,6.380000114,6.177999973,6.359000206,6.359000206,11984000
2017-02-23 00:00:00-05:00,6.416999817,6.43599987,6.183000088,6.272999763,6.272999763,14697000
2017-02-24 00:00:00-05:00,6.202000141,6.228000164,6.059100151,6.175000191,6.175000191,11684000
2017-02-27 00:00:00-05:00,6.179999828,6.186999798,5.981999874,5.993000031,5.993000031,15343000
2017-02-28 00:00:00-05:00,5.947000027,6.084000111,5.914999962,5.921000004,5.921000004,11342000
2017-03-01 00:00:00-05:00,6.017000198,6.017000198,5.90199995,5.965000153,5.965000153,11018000
2017-03-02 00:00:00-05:00,5.972000122,6.065000057,5.947999954,5.967000008,5.967000008,9641000
2017-03-03 00:00:00-05:00,5.964000225,6.038000107,5.912000179,6.028999805,6.028999805,9893000
2017-03-06 00:00:00-05:00,5.993999958,6.026000023,5.862699986,5.93200016,5.93200016,6985000
2017-03-07 00:00:00-05:00,5.928999901,6.065999985,5.920000076,6.013000011,6.013000011,10834000
2017-03-08 00:00:00-05:00,6.025000095,6.150000095,6.007999897,6.09100008,6.09100008,8751000
2017-03-09 00:00:00-05:00,6.105999947,6.252999783,6.071499825,6.238999844,6.238999844,9959000
2017-03-10 00:00:00-05:00,6.340000153,6.433000088,6.25,6.414999962,6.414999962,12180000
2017-03-13 00:00:00-04:00,6.438000202,6.520999908,6.395999908,6.493000031,6.493000031,10032000
2017-03-14 00:00:00-04:00,6.461999893,6.47300005,6.352000237,6.382999897,6.382999897,7018000
2017-03-15 00:00:00-04:00,6.402999878,6.499000072,6.308000088,6.484000206,6.484000206,8823000
2017-03-16 00:00:00-04:00,6.500999928,6.53000021,6.455999851,6.499000072,6.499000072,5410000
2017-03-17 00:00:00-04:00,6.548999786,6.738999844,6.527999878,6.698999882,6.698999882,14946000
2017-03-20 00:00:00-04:00,6.736000061,6.891600132,6.71999979,6.886000156,6.886000156,18059000
2017-03-21 00:00:00-04:00,6.993000031,7.157000065,6.684000015,6.718999863,6.718999863,36304000
2017-03-22 00:00:00-04:00,6.697000027,6.748000145,6.474999905,6.671000004,6.671000004,14458000
2017-03-23 00:00:00-04:00,6.681000233,6.829999924,6.672999859,6.757999897,6.757999897,13076000
2017-03-24 00:00:00-04:00,6.801000118,7.010799885,6.769000053,6.897999763,6.897999763,14625000
2017-03-27 00:00:00-04:00,6.829999924,7.074999809,6.732999802,7.039999962,7.039999962,16209000
2017-03-28 00:00:00-04:00,7.065999985,7.300000191,7.055099964,7.236999989,7.236999989,17408000
2017-03-29 00:00:00-04:00,7.277999878,7.298999786,7.079999924,7.271999836,7.271999836,15654000
2017-03-30 00:00:00-04:00,7.269000053,7.286499977,6.872000217,6.90500021,6.90500021,30925000
2017-03-31 00:00:00-04:00,6.785999775,6.943999767,6.704999924,6.809000015,6.809000015,26642000
2017-04-03 00:00:00-04:00,6.815999985,6.934899807,6.722000122,6.922999859,6.922999859,13879000
2017-04-04 00:00:00-04:00,6.922999859,7,6.815999985,6.853000164,6.853000164,10136000
2017-04-05 00:00:00-04:00,6.885000229,6.964000225,6.772999763,6.789000034,6.789000034,10137000
2017-04-06 00:00:00-04:00,6.790999889,6.887499809,6.790999889,6.852000237,6.852000237,8402000
2017-04-07 00:00:00-04:00,6.857999802,6.898200035,6.828000069,6.870999813,6.870999813,4750000
2017-04-10 00:00:00-04:00,6.90899992,7.006000042,6.875,6.927999973,6.927999973,9961000
2017-04-11 00:00:00-04:00,6.912000179,6.96999979,6.744999886,6.906000137,6.906000137,9659000
2017-04-12 00:00:00-04:00,6.900000095,7.006999969,6.893099785,6.925000191,6.925000191,7615000
2017-04-13 00:00:00-04:00,6.933000088,7.188000202,6.907999992,7.063000202,7.063000202,16430000
2017-04-17 00:00:00-04:00,7.145999908,7.225999832,7.078000069,7.170000076,7.170000076,10189000
2017-04-18 00:00:00-04:00,7.170000076,7.21999979,7.086299896,7.157999992,7.157999992,8249000
2017-04-19 00:00:00-04:00,7.190000057,7.349999905,7.170000076,7.263999939,7.263999939,12155000
2017-04-20 00:00:00-04:00,7.340000153,7.625,7.326000214,7.605999947,7.605999947,16679000
2017-04-21 00:00:00-04:00,7.762000084,7.778999805,7.497000217,7.638000011,7.638000011,17774000
2017-04-24 00:00:00-04:00,7.794000149,7.818999767,7.519999981,7.583000183,7.583000183,15648000
2017-04-25 00:00:00-04:00,7.603000164,7.676000118,7.446000099,7.664999962,7.664999962,17650000
2017-04-26 00:00:00-04:00,7.504000187,7.517000198,7.232999802,7.412000179,7.412000179,20132000
2017-04-27 00:00:00-04:00,7.339000225,7.440000057,7.126999855,7.309000015,7.309000015,17546000
2017-04-28 00:00:00-04:00,7.331999779,7.604000092,7.315000057,7.59499979,7.59499979,19031000
2017-05-01 00:00:00-04:00,7.570000172,7.777999878,7.481999874,7.725999832,7.725999832,25134000
2017-05-02 00:00:00-04:00,8.041000366,8.458000183,7.757100105,8.298000336,8.298000336,61484000
2017-05-03 00:00:00-04:00,8.178999901,8.355999947,8.07199955,8.171999931,8.171999931,21848000
2017-05-04 00:00:00-04:00,8.293000221,8.293000221,8.104000092,8.135000229,8.135000229,13981000
2017-05-05 00:00:00-04:00,8.171999931,8.581999779,8.171999931,8.55300045,8.55300045,18621000
2017-05-08 00:00:00-04:00,8.701999664,8.725299835,8.56000042,8.67800045,8.67800045,20348000
2017-05-09 00:00:00-04:00,8.725000381,9.112999916,8.68500042,8.914999962,8.914999962,25194000
2017-05-10 00:00:00-04:00,8.951999664,9.352999687,8.951000214,9.305999756,9.305999756,22642000
2017-05-11 00:00:00-04:00,9.324999809,9.355999947,8.880000114,9.201999664,9.201999664,28575000
2017-05-12 00:00:00-04:00,9.194999695,9.494000435,9.100000381,9.357999802,9.357999802,18141000
2017-05-15 00:00:00-04:00,9.444000244,9.588000298,9.350999832,9.423999786,9.423999786,23272000
2017-05-16 00:00:00-04:00,9.49600029,9.585000038,9.260000229,9.493000031,9.493000031,22767000
2017-05-17 00:00:00-04:00,9.305000305,9.324999809,8.956999779,8.984000206,8.984000206,33530000
2017-05-18 00:00:00-04:00,8.317000389,9.298000336,8.100000381,9.211000443,9.211000443,79796000
2017-05-19 00:00:00-04:00,9.06000042,9.18900013,8.75,8.887000084,8.887000084,78909000
2017-05-22 00:00:00-04:00,8.994000435,9.090000153,8.861000061,8.960000038,8.960000038,17962000
2017-05-23 00:00:00-04:00,9.086000443,9.125,8.963000298,9.001999855,9.001999855,19913000
2017-05-24 00:00:00-04:00,9.019000053,9.149999619,9.006999969,9.081000328,9.081000328,12431000
2017-05-25 00:00:00-04:00,9.135000229,9.194999695,8.93500042,9.022000313,9.022000313,14955000
2017-05-26 00:00:00-04:00,9.026000023,9.111000061,9,9.074000359,9.074000359,10990000
2017-05-30 00:00:00-04:00,9.109999657,9.324000359,8.968999863,9.05700016,9.05700016,19703000
2017-05-31 00:00:00-04:00,9.088000298,9.227999687,8.892000198,9.18599987,9.18599987,24887000
2017-06-01 00:00:00-04:00,9.248999596,9.369999886,9.053999901,9.343999863,9.343999863,18318000
2017-06-02 00:00:00-04:00,9.369999886,9.784999847,9.345000267,9.753000259,9.753000259,31666000
2017-06-05 00:00:00-04:00,9.835000038,9.937999725,9.611000061,9.748000145,9.748000145,21283000
2017-06-06 00:00:00-04:00,9.696000099,9.977999687,9.637000084,9.861000061,9.861000061,19487000
2017-06-07 00:00:00-04:00,9.890000343,9.960000038,9.651000023,9.699000359,9.699000359,18351000
2017-06-08 00:00:00-04:00,9.727999687,9.88599968,9.56400013,9.883999825,9.883999825,14012000
2017-06-09 00:00:00-04:00,9.869999886,10.07999992,8.930999756,9.145000458,9.145000458,46563000
2017-06-12 00:00:00-04:00,9.001000404,9.029000282,8.251000404,8.888999939,8.888999939,52444000
2017-06-13 00:00:00-04:00,8.73900032,9.055999756,8.447600365,8.69299984,8.69299984,39555000
2017-06-14 00:00:00-04:00,8.746999741,8.819999695,8.44299984,8.536000252,8.536000252,21236000
2017-06-15 00:00:00-04:00,8.18999958,8.553999901,8.154999733,8.548000336,8.548000336,28961000
2017-06-16 00:00:00-04:00,8.696000099,8.819000244,8.56799984,8.69299984,8.69299984,24992000
2017-06-19 00:00:00-04:00,8.828000069,9.083999634,8.779000282,9.055999756,9.055999756,21835000
2017-06-20 00:00:00-04:00,9.111000061,9.18500042,8.861000061,8.894000053,8.894000053,15489000
2017-06-21 00:00:00-04:00,8.923999786,9.17800045,8.920000076,9.125,9.125,14974000
2017-06-22 00:00:00-04:00,9.131999969,9.211000443,9.027000427,9.137000084,9.137000084,10133000
2017-06-23 00:00:00-04:00,9.104000092,9.520000458,9.050000191,9.447999954,9.447999954,14627000
2017-06-26 00:00:00-04:00,9.51099968,9.697999954,9.027000427,9.204000473,9.204000473,19538000
2017-06-27 00:00:00-04:00,9.123999596,9.220000267,8.680000305,8.704000473,8.704000473,21759000
2017-06-28 00:00:00-04:00,8.782999992,8.958999634,8.550999641,8.951999664,8.951999664,20482000
2017-06-29 00:00:00-04:00,8.897000313,8.897000313,8.315999985,8.640000343,8.640000343,27203000
2017-06-30 00:00:00-04:00,8.586000443,8.800000191,8.56400013,8.68999958,8.68999958,16975000
2017-07-03 00:00:00-04:00,8.715000153,8.791000366,8.479999542,8.600000381,8.600000381,8872000
2017-07-05 00:00:00-04:00,8.562999725,8.94699955,8.557999611,8.81099987,8.81099987,17838000
2017-07-06 00:00:00-04:00,8.663999557,8.782999992,8.581000328,8.62100029,8.62100029,12130000
2017-07-07 00:00:00-04:00,8.718000412,8.923000336,8.699999809,8.899000168,8.899000168,10222000
2017-07-10 00:00:00-04:00,8.909999847,9.147999763,8.828800201,9.098999977,9.098999977,12844000
2017-07-11 00:00:00-04:00,9.076000214,9.256999969,9.01720047,9.12899971,9.12899971,12597000
2017-07-12 00:00:00-04:00,9.215000153,9.517000198,9.199999809,9.468000412,9.468000412,17601000
2017-07-13 00:00:00-04:00,9.574000359,9.680000305,9.251000404,9.302000046,9.302000046,17900000
2017-07-14 00:00:00-04:00,9.383000374,9.388999939,9.170000076,9.241000175,9.241000175,10217000
2017-07-17 00:00:00-04:00,9.222000122,9.329999924,8.963399887,9.048999786,9.048999786,15206000
2017-07-18 00:00:00-04:00,9.12899971,9.390299797,9.01099968,9.31799984,9.31799984,14324000
2017-07-19 00:00:00-04:00,9.373999596,9.449999809,9.130000114,9.18999958,9.18999958,13943000
2017-07-20 00:00:00-04:00,9.243000031,9.282999992,9.019000053,9.086999893,9.086999893,9615000
2017-07-21 00:00:00-04:00,9.045000076,9.126000404,8.932999611,8.942000389,8.942000389,14008000
2017-07-24 00:00:00-04:00,8.987000465,9.364999771,8.949000359,9.361000061,9.361000061,14665000
2017-07-25 00:00:00-04:00,9.355999947,9.364999771,9.069999695,9.215999603,9.215999603,11975000
2017-07-26 00:00:00-04:00,9.295000076,9.5,9.284999847,9.392000198,9.392000198,11638000
2017-07-27 00:00:00-04:00,9.470000267,9.550000191,8.86400032,9.043000221,9.043000221,22210000
2017-07-28 00:00:00-04:00,8.954999924,9.342000008,8.829099655,9.298000336,9.298000336,14141000
2017-07-31 00:00:00-04:00,9.366999626,9.451999664,9.13599968,9.237000465,9.237000465,24977000
2017-08-01 00:00:00-04:00,10.3920002,10.57900047,9.859999657,10.40799999,10.40799999,96723000
2017-08-02 00:00:00-04:00,10.44999981,10.45400047,9.729000092,9.835000038,9.835000038,45078000
2017-08-03 00:00:00-04:00,9.949999809,9.98900032,9.656000137,9.715999603,9.715999603,22855000
2017-08-04 00:00:00-04:00,9.732000351,9.843999863,9.602999687,9.628000259,9.628000259,14792000
2017-08-07 00:00:00-04:00,9.645000458,9.909999847,9.642999649,9.779000282,9.779000282,10776000
2017-08-08 00:00:00-04:00,9.793000221,9.890000343,9.600000381,9.651000023,9.651000023,14674000
2017-08-09 00:00:00-04:00,9.517999649,9.645000458,9.420999527,9.519000053,9.519000053,17507000
2017-08-10 00:00:00-04:00,9.447999954,9.447999954,8.821000099,8.840000153,8.840000153,33966000
2017-08-11 00:00:00-04:00,8.850999832,9.300000191,8.850000381,9.170999527,9.170999527,19511000
2017-08-14 00:00:00-04:00,9.329000473,9.550000191,9.324999809,9.406000137,9.406000137,16806000
2017-08-15 00:00:00-04:00,9.425999641,9.456899643,9.277000427,9.31499958,9.31499958,8071000
2017-08-16 00:00:00-04:00,9.362999916,9.487000465,9.300999641,9.461000443,9.461000443,7500000
2017-08-17 00:00:00-04:00,9.43900013,9.57199955,9.347000122,9.350000381,9.350000381,13984000
2017-08-18 00:00:00-04:00,9.357000351,9.514800072,9.302100182,9.458000183,9.458000183,9886000
2017-08-21 00:00:00-04:00,9.458000183,9.647000313,9.449999809,9.626999855,9.626999855,11275000
2017-08-22 00:00:00-04:00,9.690999985,9.890999794,9.661999702,9.861000061,9.861000061,13577000
2017-08-23 00:00:00-04:00,9.781999588,10.27999973,9.713999748,10.24600029,10.24600029,23743000
2017-08-24 00:00:00-04:00,10.28999996,10.68999958,10.27499962,10.65299988,10.65299988,33778000
2017-08-25 00:00:00-04:00,10.68299961,10.69999981,10.27499962,10.3739996,10.3739996,17228000
2017-08-28 00:00:00-04:00,10.39599991,10.49300003,10.1619997,10.37899971,10.37899971,11124000
2017-08-29 00:00:00-04:00,10.17000008,10.5,10.13300037,10.43700027,10.43700027,11372000
2017-08-30 00:00:00-04:00,10.47599983,10.87699986,10.46000004,10.84399986,10.84399986,15385000
2017-08-31 00:00:00-04:00,10.92599964,11.15699959,10.83100033,11.09200001,11.09200001,16043000
2017-09-01 00:00:00-04:00,11.18099976,11.19999981,10.98600006,11.08600044,11.08600044,10222000
2017-09-05 00:00:00-04:00,10.99699974,11.19999981,10.80300045,11.06700039,11.06700039,15632000
2017-09-06 00:00:00-04:00,11.09000015,11.19400024,10.875,11.02200031,11.02200031,11403000
2017-09-07 00:00:00-04:00,11.04699993,11.35299969,11.01399994,11.34599972,11.34599972,11385000
2017-09-08 00:00:00-04:00,11.32900047,11.48799992,11.23999977,11.36100006,11.36100006,9245000
2017-09-11 00:00:00-04:00,11.54399967,11.8604002,11.48999977,11.79899979,11.79899979,14288000
2017-09-12 00:00:00-04:00,11.89400005,12.08199978,11.68799973,12.05000019,12.05000019,17705000
2017-09-13 00:00:00-04:00,12.05300045,12.25,11.79300022,11.92099953,11.92099953,20060000
2017-09-14 00:00:00-04:00,11.93299961,12.10000038,11.66100025,12.02000046,12.02000046,10664000
2017-09-15 00:00:00-04:00,12.00199986,12.12100029,11.9375,12.02600002,12.02600002,8479000
2017-09-18 00:00:00-04:00,12.07999992,12.39400005,12.07009983,12.24199963,12.24199963,13739000
2017-09-19 00:00:00-04:00,12.33300018,12.38799953,12.21399975,12.29399967,12.29399967,7852000
2017-09-20 00:00:00-04:00,12.28199959,12.36299992,11.73999977,11.9289999,11.9289999,18284000
2017-09-21 00:00:00-04:00,11.88599968,12.08380032,11.6260004,12.01500034,12.01500034,12902000
2017-09-22 00:00:00-04:00,11.96700001,12.14599991,11.85299969,12.02700043,12.02700043,7601000
2017-09-25 00:00:00-04:00,11.98499966,11.98799992,11.35099983,11.44699955,11.44699955,23170000
2017-09-26 00:00:00-04:00,11.60999966,11.77099991,11.18799973,11.3380003,11.3380003,18070000
2017-09-27 00:00:00-04:00,11.49400043,11.86900043,11.40999985,11.73999977,11.73999977,15800000
2017-09-28 00:00:00-04:00,11.75199986,11.76799965,11.51200008,11.64500046,11.64500046,8891000
2017-09-29 00:00:00-04:00,11.66100025,11.77600002,11.52999973,11.64900017,11.64900017,8671000
2017-10-02 00:00:00-04:00,11.69999981,11.96700001,11.67399979,11.89999962,11.89999962,11167000
2017-10-03 00:00:00-04:00,11.98999977,12.06900024,11.63259983,11.68099976,11.68099976,16883000
2017-10-04 00:00:00-04:00,11.68299961,11.69299984,10.07499981,10.32999992,10.32999992,208959000
2017-10-05 00:00:00-04:00,9.753000259,10.34300041,9.331000328,10.04300022,10.04300022,197807000
2017-10-06 00:00:00-04:00,9.800000191,10.02000046,9.555999756,9.791999817,9.791999817,77797000
2017-10-09 00:00:00-04:00,9.652000427,9.848999977,9.604000092,9.737999916,9.737999916,29680000
2017-10-10 00:00:00-04:00,9.727000237,9.899999619,8.93500042,9.256999969,9.256999969,113732000
2017-10-11 00:00:00-04:00,9.190999985,9.666999817,9.18999958,9.501999855,9.501999855,62150000
2017-10-12 00:00:00-04:00,9.630000114,9.729999542,9.413000107,9.43599987,9.43599987,35172000
2017-10-13 00:00:00-04:00,9.43999958,9.52369976,9.369799614,9.421999931,9.421999931,17605000
2017-10-16 00:00:00-04:00,9.449999809,9.721199989,9.333999634,9.697999954,9.697999954,29524000
2017-10-17 00:00:00-04:00,9.699999809,9.751000404,9.539999962,9.62100029,9.62100029,24754000
2017-10-18 00:00:00-04:00,9.607000351,9.970000267,9.590000153,9.892999649,9.892999649,24964000
2017-10-19 00:00:00-04:00,9.817000389,9.850000381,9.625,9.824999809,9.824999809,19860000
2017-10-20 00:00:00-04:00,9.859999657,10.25,9.854999542,10.21000004,10.21000004,32930000
2017-10-23 00:00:00-04:00,10.30900002,10.41399956,10.14000034,10.29100037,10.29100037,24292000
2017-10-24 00:00:00-04:00,10.28899956,10.74800014,10.28899956,10.64099979,10.64099979,28782000
2017-10-25 00:00:00-04:00,10.72500038,10.85299969,10.07009983,10.29899979,10.29899979,41405000
2017-10-26 00:00:00-04:00,10.30099964,10.55000019,10.27200031,10.41100025,10.41100025,15668000
2017-10-27 00:00:00-04:00,10.66899967,10.80000019,10.52000046,10.72700024,10.72700024,23418000
2017-10-30 00:00:00-04:00,10.82900047,10.94499969,10.5170002,10.93599987,10.93599987,32497000
2017-10-31 00:00:00-04:00,10.13799953,10.48099995,9.451000214,9.949000359,9.949000359,129271000
2017-11-01 00:00:00-04:00,9.973999977,10.05000019,9.5,9.619999886,9.619999886,55051000
2017-11-02 00:00:00-04:00,9.505000114,10.08100033,9.50150013,9.98900032,9.98900032,26799000
2017-11-03 00:00:00-04:00,10.07600021,10.19050026,9.852000237,9.87100029,9.87100029,19696000
2017-11-06 00:00:00-05:00,10,10.07999992,9.899999619,9.984000206,9.984000206,13843000
2017-11-07 00:00:00-05:00,9.911000252,10.04800034,9.831000328,9.970999718,9.970999718,10894000
2017-11-08 00:00:00-05:00,9.902999878,9.998999596,9.851499557,9.93999958,9.93999958,8626000
2017-11-09 00:00:00-05:00,9.836999893,9.864999771,9.555000305,9.703000069,9.703000069,16803000
2017-11-10 00:00:00-05:00,9.678999901,10.0880003,9.650799751,10.0010004,10.0010004,17549000
2017-11-13 00:00:00-05:00,9.902000427,9.925000191,9.777000427,9.876999855,9.876999855,10460000
2017-11-14 00:00:00-05:00,9.755999565,9.998000145,9.748000145,9.897000313,9.897000313,8506000
2017-11-15 00:00:00-05:00,9.723999977,9.942000389,9.720000267,9.803999901,9.803999901,9224000
2017-11-16 00:00:00-05:00,9.866000175,10.47700024,9.852000237,10.38899994,10.38899994,27658000
2017-11-17 00:00:00-05:00,10.4119997,10.56939983,10.32330036,10.48900032,10.48900032,12308000
2017-11-20 00:00:00-05:00,10.5,10.89799976,10.48900032,10.85599995,10.85599995,20986000
2017-11-21 00:00:00-05:00,11.00300026,11.23799992,10.96500015,11.0170002,11.0170002,19055000
2017-11-22 00:00:00-05:00,11.05000019,11.15219975,10.75599957,11.04100037,11.04100037,9970000
2017-11-24 00:00:00-05:00,11.10900021,11.26299953,11.06000042,11.18099976,11.18099976,6499000
2017-11-27 00:00:00-05:00,11.45100021,11.70699978,11.31949997,11.33600044,11.33600044,23319000
2017-11-28 00:00:00-05:00,11.40600014,11.41469955,11.05099964,11.20899963,11.20899963,13929000
2017-11-29 00:00:00-05:00,11.16100025,11.18799973,10.05900002,10.36699963,10.36699963,38300000
2017-11-30 00:00:00-05:00,10.56099987,10.58150005,10.31499958,10.38199997,10.38199997,11601000
2017-12-01 00:00:00-05:00,10.39000034,10.47700024,10.01000023,10.32699966,10.32699966,14158000
2017-12-04 00:00:00-05:00,10.52700043,10.52700043,9.619000435,9.661999702,9.661999702,27408000
2017-12-05 00:00:00-05:00,9.667699814,9.857999802,9.241000175,9.527999878,9.527999878,24545000
2017-12-06 00:00:00-05:00,9.489999771,9.661999702,9.382100105,9.576999664,9.576999664,14044000
2017-12-07 00:00:00-05:00,9.652000427,9.996999741,9.610799789,9.979000092,9.979000092,15992000
2017-12-08 00:00:00-05:00,10.21199989,10.29599953,9.987000465,10.07699966,10.07699966,13157000
2017-12-11 00:00:00-05:00,10.12899971,10.51150036,10.12899971,10.41100025,10.41100025,13937000
2017-12-12 00:00:00-05:00,10.14999962,10.39999962,10.05000019,10.14000034,10.14000034,10837000
2017-12-13 00:00:00-05:00,10.18799973,10.42199993,10.18599987,10.3210001,10.3210001,9329000
2017-12-14 00:00:00-05:00,10.36299992,10.46500015,10.28009987,10.32299995,10.32299995,6170000
2017-12-15 00:00:00-05:00,10.36299992,10.63500023,10.27999973,10.52200031,10.52200031,12464000
2017-12-18 00:00:00-05:00,10.64099979,10.8039999,10.63399982,10.76200008,10.76200008,12542000
2017-12-19 00:00:00-05:00,10.76299953,10.76299953,10.56099987,10.57299995,10.57299995,8311000
2017-12-20 00:00:00-05:00,10.66699982,10.68400002,10.36100006,10.52400017,10.52400017,6409000
2017-12-21 00:00:00-05:00,10.57800007,10.6590004,10.45600033,10.47999954,10.47999954,4782000
2017-12-22 00:00:00-05:00,10.41300011,10.45499992,10.2130003,10.38599968,10.38599968,5901000
2017-12-26 00:00:00-05:00,10.24100018,10.53899956,10.15499973,10.48400021,10.48400021,4037000
2017-12-27 00:00:00-05:00,10.4829998,10.52000046,10.33199978,10.44999981,10.44999981,4782000
2017-12-28 00:00:00-05:00,10.47900009,10.52200031,10.1590004,10.23900032,10.23900032,6626000
2017-12-29 00:00:00-05:00,10.25199986,10.25500011,10.03999996,10.10000038,10.10000038,7758000
2018-01-02 00:00:00-05:00,10.1590004,10.57199955,10.10200024,10.54899979,10.54899979,13945000
2018-01-03 00:00:00-05:00,10.63599968,10.81200027,10.61699963,10.77499962,10.77499962,11627000
2018-01-04 00:00:00-05:00,10.83300018,11.00599957,10.72099972,10.99499989,10.99499989,11610000
2018-01-05 00:00:00-05:00,11.05500031,11.17700005,10.90200043,11.05799961,11.05799961,7710000
2018-01-08 00:00:00-05:00,10.9989996,11.26900005,10.9989996,11.23499966,11.23499966,7487000
2018-01-09 00:00:00-05:00,11.23499966,11.36699963,10.97299957,11.07299995,11.07299995,7441000
2018-01-10 00:00:00-05:00,10.97000027,11.14599991,10.89999962,11.10000038,11.10000038,6678000
2018-01-11 00:00:00-05:00,11.10700035,11.17500019,11.05000019,11.11299992,11.11299992,6395000
2018-01-12 00:00:00-05:00,11.12899971,11.44999981,11.10900021,11.27999973,11.27999973,8460000
2018-01-16 00:00:00-05:00,11.46500015,11.4659996,11.11800003,11.19200039,11.19200039,11755000
2018-01-17 00:00:00-05:00,11.25599957,11.58399963,11.14799976,11.49100018,11.49100018,12265000
2018-01-18 00:00:00-05:00,11.44799995,11.67300034,11.40699959,11.47999954,11.47999954,6976000
2018-01-19 00:00:00-05:00,11.51000023,11.58100033,11.46000004,11.54800034,11.54800034,6929000
2018-01-22 00:00:00-05:00,11.54399967,11.96500015,11.54399967,11.94299984,11.94299984,11804000
2018-01-23 00:00:00-05:00,11.97099972,12.00599957,11.57999992,11.86900043,11.86900043,11350000
2018-01-24 00:00:00-05:00,11.97500038,12.19499969,11.82499981,11.96700001,11.96700001,10238000
2018-01-25 00:00:00-05:00,12.10000038,12.6239996,12.03299999,12.48999977,12.48999977,19406000
2018-01-26 00:00:00-05:00,12.63599968,13.04699993,12.39999962,12.90699959,12.90699959,20374000
2018-01-29 00:00:00-05:00,12.97000027,12.99699974,12.52200031,12.72999954,12.72999954,17215000
2018-01-30 00:00:00-05:00,12.17000008,12.58300018,11.9090004,12.42099953,12.42099953,17379000
2018-01-31 00:00:00-05:00,12.61200047,12.85900021,12.55799961,12.79199982,12.79199982,12175000
2018-02-01 00:00:00-05:00,12.70300007,13.11590004,12.56999969,12.62800026,12.62800026,11681000
2018-02-02 00:00:00-05:00,12.55000019,12.86800003,12.38000011,12.51200008,12.51200008,13712000
2018-02-05 00:00:00-05:00,12.05700016,12.72850037,11.82999992,11.82999992,11.82999992,23242000
2018-02-06 00:00:00-05:00,11.38099957,12.27000046,11.20600033,12.21399975,12.21399975,27059000
2018-02-07 00:00:00-05:00,12.27499962,12.77000046,12.14099979,12.33399963,12.33399963,16960000
2018-02-08 00:00:00-05:00,12.44999981,12.70699978,11.85000038,11.85099983,11.85099983,21023000
2018-02-09 00:00:00-05:00,12.07400036,12.39299965,11.41600037,11.95499992,11.95499992,28825000
2018-02-12 00:00:00-05:00,12.32999992,12.89500046,12.2173996,12.79399967,12.79399967,27029000
2018-02-13 00:00:00-05:00,12.77499962,13.04199982,12.51299953,12.60599995,12.60599995,19878000
2018-02-14 00:00:00-05:00,12.51000023,13.81599998,12.50199986,13.75599957,13.75599957,42368000
2018-02-15 00:00:00-05:00,13.5,14.07499981,13.02999973,13.79500008,13.79500008,57765000
2018-02-16 00:00:00-05:00,13.54899979,13.86600018,13.41100025,13.75300026,13.75300026,22309000
2018-02-20 00:00:00-05:00,13.68299961,14.61200047,13.6619997,14.27799988,14.27799988,27146000
2018-02-21 00:00:00-05:00,13.67500019,13.73400021,13.27700043,13.28999996,13.28999996,53612000
2018-02-22 00:00:00-05:00,13.39599991,13.65250015,13.31999969,13.41800022,13.41800022,24104000
2018-02-23 00:00:00-05:00,13.54899979,13.69999981,13.31000042,13.69999981,13.69999981,16227000
2018-02-26 00:00:00-05:00,13.75199986,13.83199978,13.51399994,13.62699986,13.62699986,14626000
2018-02-27 00:00:00-05:00,13.65699959,13.94400024,13.55900002,13.76599979,13.76599979,14833000
2018-02-28 00:00:00-05:00,13.9289999,14.05000019,13.79300022,13.8210001,13.8210001,13950000
2018-03-01 00:00:00-05:00,13.69999981,13.91499996,13.33199978,13.68500042,13.68500042,18025000
2018-03-02 00:00:00-05:00,13.5,13.75,13.44699955,13.67500019,13.67500019,11782000
2018-03-05 00:00:00-05:00,13.5170002,13.98499966,13.39999962,13.9289999,13.9289999,20270000
2018-03-06 00:00:00-05:00,14.01500034,14.33699989,13.97200012,14.15100002,14.15100002,13524000
2018-03-07 00:00:00-05:00,13.99499989,14.44400024,13.89999962,14.36800003,14.36800003,14863000
2018-03-08 00:00:00-05:00,14.46199989,14.80200005,14.46199989,14.74100018,14.74100018,19252000
2018-03-09 00:00:00-05:00,14.94200039,15.04699993,14.76200008,14.91600037,14.91600037,14187000
2018-03-12 00:00:00-04:00,14.97299957,15.01500034,14.73799992,14.81499958,14.81499958,7909000
2018-03-13 00:00:00-04:00,14.85999966,14.87530041,14.45100021,14.53199959,14.53199959,11156000
2018-03-14 00:00:00-04:00,14.56099987,14.81200027,14.38799953,14.625,14.625,9715000
2018-03-15 00:00:00-04:00,14.77499962,14.89999962,14.61999989,14.74100018,14.74100018,8660000
2018-03-16 00:00:00-04:00,14.72099972,14.81400013,14.53600025,14.72200012,14.72200012,6396000
2018-03-19 00:00:00-04:00,14.59000015,14.81900024,14.29300022,14.56200027,14.56200027,10176000
2018-03-20 00:00:00-04:00,14.54399967,15.48200035,14.5,15.31099987,15.31099987,19044000
2018-03-21 00:00:00-04:00,15.35400009,15.39999962,14.82600021,14.93999958,14.93999958,16502000
2018-03-22 00:00:00-04:00,14.7510004,15.27999973,14.53299999,14.54500008,14.54500008,18129000
2018-03-23 00:00:00-04:00,14.59799957,14.76599979,14.10000038,14.16600037,14.16600037,18567000
2018-03-26 00:00:00-04:00,14.52600002,14.78199959,13.05000019,13.67199993,13.67199993,52498000
2018-03-27 00:00:00-04:00,13.625,13.91300011,12.72099972,12.88199997,12.88199997,28333000
2018-03-28 00:00:00-04:00,12.75,12.77499962,12.06799984,12.15999985,12.15999985,36575000
2018-03-29 00:00:00-04:00,12.09000015,12.62800026,11.85700035,12.45899963,12.45899963,29666000
2018-04-02 00:00:00-04:00,12.47099972,12.75,12.02999973,12.20800018,12.20800018,18434000
2018-04-03 00:00:00-04:00,12.39999962,12.54800034,11.77999973,11.93700027,11.93700027,18240000
2018-04-04 00:00:00-04:00,11.41100025,12.13500023,11.25,12.06700039,12.06700039,14867000
2018-04-05 00:00:00-04:00,12.375,12.55200005,11.96000004,12.01399994,12.01399994,12399000
2018-04-06 00:00:00-04:00,11.87699986,12.07900047,11.59599972,11.74199963,11.74199963,10899000
2018-04-09 00:00:00-04:00,11.91499996,12.37100029,11.81000042,11.89500046,11.89500046,17886000
2018-04-10 00:00:00-04:00,12.24499989,12.34899998,11.89500046,12.2869997,12.2869997,16074000
2018-04-11 00:00:00-04:00,12.19900036,12.42000008,11.93599987,11.95300007,11.95300007,12032000
2018-04-12 00:00:00-04:00,12.05599976,12.12489986,11.91300011,12.07499981,12.07499981,19978000
2018-04-13 00:00:00-04:00,12.19999981,12.21899986,11.6239996,11.7510004,11.7510004,45783000
2018-04-16 00:00:00-04:00,11.78299999,11.80000019,11.36800003,11.69400024,11.69400024,21087000
2018-04-17 00:00:00-04:00,11.80000019,12.73200035,11.79100037,12.59599972,12.59599972,27068000
2018-04-18 00:00:00-04:00,12.63199997,12.83100033,12.32600021,12.75599957,12.75599957,17710000
2018-04-19 00:00:00-04:00,12.61200047,12.95800018,12.55749989,12.66699982,12.66699982,13566000
2018-04-20 00:00:00-04:00,12.64999962,12.76000023,12.5284996,12.6789999,12.6789999,16703000
2018-04-23 00:00:00-04:00,12.71899986,12.72200012,12.11499977,12.29100037,12.29100037,20395000
2018-04-24 00:00:00-04:00,12.39000034,12.68500042,12.15100002,12.31400013,12.31400013,19212000
2018-04-25 00:00:00-04:00,12.30000019,12.33300018,11.85449982,12.00199986,12.00199986,12154000
2018-04-26 00:00:00-04:00,12.19799995,12.55200005,12.19799995,12.41499996,12.41499996,13762000
2018-04-27 00:00:00-04:00,12.67700005,12.71000004,12.42000008,12.6619997,12.6619997,17039000
2018-04-30 00:00:00-04:00,12.80000019,13.44299984,12.70100021,13.36299992,13.36299992,38404000
2018-05-01 00:00:00-04:00,12.50800037,12.81000042,11.88099957,12.76799965,12.76799965,73565000
2018-05-02 00:00:00-04:00,12.68500042,12.97399998,12.24800014,12.48099995,12.48099995,29645000
2018-05-03 00:00:00-04:00,12.48099995,13.55300045,12.42500019,13.5170002,13.5170002,33165000
2018-05-04 00:00:00-04:00,13.47999954,13.82610035,13.26299953,13.61299992,13.61299992,19340000
2018-05-07 00:00:00-04:00,13.77900028,13.90499973,13.6590004,13.85599995,13.85599995,13642000
2018-05-08 00:00:00-04:00,13.94699955,14.60499954,13.86100006,14.33100033,14.33100033,23102000
2018-05-09 00:00:00-04:00,14.39999962,14.64750004,14.30000019,14.60999966,14.60999966,15342000
2018-05-10 00:00:00-04:00,14.64000034,14.69699955,14.5710001,14.62300014,14.62300014,11622000
2018-05-11 00:00:00-04:00,14.63300037,14.66699982,14.27099991,14.44699955,14.44699955,11616000
2018-05-14 00:00:00-04:00,14.52999973,14.82900047,14.22299957,14.26399994,14.26399994,14795000
2018-05-15 00:00:00-04:00,14.52999973,14.52999973,13.76299953,14.25,14.25,11407000
2018-05-16 00:00:00-04:00,14.30200005,14.4630003,14.21100044,14.22799969,14.22799969,7133000
2018-05-17 00:00:00-04:00,14.22200012,14.66180038,14.18999958,14.60999966,14.60999966,14402000
2018-05-18 00:00:00-04:00,14.52600002,14.77000046,14.47299957,14.70600033,14.70600033,10334000
2018-05-21 00:00:00-04:00,14.87300014,15.09700012,14.34200001,14.45100021,14.45100021,15640000
2018-05-22 00:00:00-04:00,14.06999969,14.29899979,13.73099995,13.875,13.875,27605000
2018-05-23 00:00:00-04:00,13.80000019,14.125,13.75,14.08300018,14.08300018,9972000
2018-05-24 00:00:00-04:00,14.04899979,14.36800003,14.02499962,14.30500031,14.30500031,9094000
2018-05-25 00:00:00-04:00,14.30500031,14.4659996,14.26799965,14.36400032,14.36400032,6542000
2018-05-29 00:00:00-04:00,14.33199978,14.53199959,14.18000031,14.32900047,14.32900047,8574000
2018-05-30 00:00:00-04:00,14.39999962,14.68000031,14.36909962,14.58399963,14.58399963,7657000
2018-05-31 00:00:00-04:00,14.61100006,14.99800014,14.55200005,14.80900002,14.80900002,14316000
2018-06-01 00:00:00-04:00,14.94999981,15.16549969,14.75399971,15.07999992,15.07999992,13078000
2018-06-04 00:00:00-04:00,15.19299984,15.78600025,15.17500019,15.69099998,15.69099998,16224000
2018-06-05 00:00:00-04:00,15.71199989,16.20000076,15.68400002,16.1060009,16.1060009,13944000
2018-06-06 00:00:00-04:00,16.20499992,16.57699966,16.02599907,16.5359993,16.5359993,13996000
2018-06-07 00:00:00-04:00,16.60000038,16.60099983,15.88799953,16.12599945,16.12599945,17388000
2018-06-08 00:00:00-04:00,15.95499992,16.38299942,15.85000038,16.28100014,16.28100014,10569000
2018-06-11 00:00:00-04:00,16.31999969,16.49040031,16.00300026,16.02400017,16.02400017,10794000
2018-06-12 00:00:00-04:00,16.03300095,16.5890007,16.01300049,16.52400017,16.52400017,13781000
2018-06-13 00:00:00-04:00,16.5,17.11300087,16.38100052,16.50900078,16.50900078,21560000
2018-06-14 00:00:00-04:00,16.62199974,16.88599968,16.60000038,16.79400063,16.79400063,11252000
2018-06-15 00:00:00-04:00,16.66500092,16.93580055,16.46500015,16.84399986,16.84399986,8417000
2018-06-18 00:00:00-04:00,16.70000076,17.29199982,16.67959976,17.2840004,17.2840004,12613000
2018-06-19 00:00:00-04:00,16.97999954,17.25099945,16.70700073,17.06100082,17.06100082,10927000
2018-06-20 00:00:00-04:00,17.36700058,17.51099968,17.22100067,17.22500038,17.22500038,9653000
2018-06-21 00:00:00-04:00,17.34799957,17.38409996,16.43499947,16.45400047,16.45400047,17643000
2018-06-22 00:00:00-04:00,16.65200043,16.66799927,16.00699997,16.25300026,16.25300026,12329000
2018-06-25 00:00:00-04:00,16,16,15.10499954,15.3210001,15.3210001,21808000
2018-06-26 00:00:00-04:00,15.57499981,15.8725996,15.41149998,15.5010004,15.5010004,18155000
2018-06-27 00:00:00-04:00,15.55200005,15.61999989,14.42800045,14.47000027,14.47000027,32484000
2018-06-28 00:00:00-04:00,14.31700039,14.78299999,14.03999996,14.65499973,14.65499973,18810000
2018-06-29 00:00:00-04:00,14.78199959,14.99479961,14.53499985,14.58899975,14.58899975,12050000
2018-07-02 00:00:00-04:00,14.27099991,14.95699978,14.13700008,14.94200039,14.94200039,8808000
2018-07-03 00:00:00-04:00,14.91790009,15.19499969,14.72539997,15.05000019,15.05000019,10608000
2018-07-05 00:00:00-04:00,15.31499958,15.37699986,14.99600029,15.26799965,15.26799965,9149000
2018-07-06 00:00:00-04:00,15.29100037,15.73400021,15.19999981,15.68099976,15.68099976,10738000
2018-07-09 00:00:00-04:00,15.87899971,16.04000092,15.42399979,15.84500027,15.84500027,9970000
2018-07-10 00:00:00-04:00,15.86200047,16.03650093,15.78100014,15.89799976,15.89799976,7765000
2018-07-11 00:00:00-04:00,15.74800014,16.1970005,15.62699986,16.09799957,16.09799957,7455000
2018-07-12 00:00:00-04:00,16.25799942,16.81999969,16.21100044,16.75,16.75,9958000
2018-07-13 00:00:00-04:00,16.77199936,16.81150055,16.37400055,16.61800003,16.61800003,8771000
2018-07-16 00:00:00-04:00,16.61300087,16.94000053,16.47999954,16.53499985,16.53499985,12623000
2018-07-17 00:00:00-04:00,16.17099953,17.03000069,16.10499954,16.89999962,16.89999962,12006000
2018-07-18 00:00:00-04:00,16.92499924,17.14800072,16.7031002,17.04800034,17.04800034,8516000
2018-07-19 00:00:00-04:00,17,17.20999908,16.81800079,17.17499924,17.17499924,8291000
2018-07-20 00:00:00-04:00,17.20000076,17.52899933,17.12999916,17.17499924,17.17499924,12778000
2018-07-23 00:00:00-04:00,17.19499969,17.41320038,16.89999962,17.32600021,17.32600021,8397000
2018-07-24 00:00:00-04:00,17.48399925,17.65990067,16.66300011,16.83399963,16.83399963,15415000
2018-07-25 00:00:00-04:00,16.79100037,17.40299988,16.55699921,17.37800026,17.37800026,12559000
2018-07-26 00:00:00-04:00,16.93300056,17.22400093,16.86499977,17.02899933,17.02899933,11585000
2018-07-27 00:00:00-04:00,17.23500061,17.23500061,15.92599964,16.01499939,16.01499939,21020000
2018-07-30 00:00:00-04:00,15.97999954,16.04700089,14.7329998,14.80799961,14.80799961,27451000
2018-07-31 00:00:00-04:00,13.85200024,14.37699986,13.32610035,13.8210001,13.8210001,79206000
2018-08-01 00:00:00-04:00,13.86800003,14.02190018,13.48900032,13.63599968,13.63599968,24052000
2018-08-02 00:00:00-04:00,13.45800018,14.42099953,13.26299953,14.3920002,14.3920002,27249000
2018-08-03 00:00:00-04:00,14.5,14.54699993,14.08300018,14.18700027,14.18700027,16174000
2018-08-06 00:00:00-04:00,14.19099998,14.24100018,13.80000019,14.20400047,14.20400047,11964000
2018-08-07 00:00:00-04:00,14.31499958,14.66390038,14.11699963,14.16800022,14.16800022,10130000
2018-08-08 00:00:00-04:00,14.2670002,14.41399956,14.08500004,14.27000046,14.27000046,8175000
2018-08-09 00:00:00-04:00,14.22099972,14.71399975,14.22000027,14.64400005,14.64400005,8752000
2018-08-10 00:00:00-04:00,14.50899982,15.11800003,14.41499996,14.92199993,14.92199993,13216000
2018-08-13 00:00:00-04:00,14.93500042,15.10099983,14.24100018,14.2869997,14.2869997,12800000
2018-08-14 00:00:00-04:00,14.42000008,14.57400036,14.15499973,14.43799973,14.43799973,12284000
2018-08-15 00:00:00-04:00,14.25800037,14.45600033,13.71100044,13.8920002,13.8920002,18203000
2018-08-16 00:00:00-04:00,14.07800007,14.21100044,13.88500023,13.91600037,13.91600037,9210000
2018-08-17 00:00:00-04:00,13.8920002,14.02400017,13.57900047,13.71899986,13.71899986,12589000
2018-08-20 00:00:00-04:00,13.80000019,13.83339977,13.28499985,13.59700012,13.59700012,15171000
2018-08-21 00:00:00-04:00,13.51200008,13.77799988,13.32600021,13.34399986,13.34399986,14254000
2018-08-22 00:00:00-04:00,13.23400021,13.85000038,13.23400021,13.76299953,13.76299953,12652000
2018-08-23 00:00:00-04:00,13.8039999,14.0909996,13.70499992,13.7489996,13.7489996,10420000
2018-08-24 00:00:00-04:00,13.96000004,14.14999962,13.84710026,14.05799961,14.05799961,12131000
2018-08-27 00:00:00-04:00,14.18500042,14.47500038,13.89999962,14.40400028,14.40400028,13864000
2018-08-28 00:00:00-04:00,14.56000042,14.60499954,14.27499962,14.5,14.5,12895000
2018-08-29 00:00:00-04:00,14.53899956,14.64999962,14.37699986,14.51500034,14.51500034,9367000
2018-08-30 00:00:00-04:00,14.46000004,14.64840031,14.3281002,14.48099995,14.48099995,8123000
2018-08-31 00:00:00-04:00,14.38899994,14.6260004,14.33899975,14.56700039,14.56700039,6691000
2018-09-04 00:00:00-04:00,14.60999966,14.69299984,14.36100006,14.63399982,14.63399982,9121000
2018-09-05 00:00:00-04:00,14.36699963,14.41250038,13.64999962,13.99699974,13.99699974,23623000
2018-09-06 00:00:00-04:00,13.97099972,14.0454998,13.23499966,13.41300011,13.41300011,18254000
2018-09-07 00:00:00-04:00,13.12699986,14.11800003,13.06000042,14.06400013,14.06400013,20395000
2018-09-10 00:00:00-04:00,14.13399982,14.25500011,13.90499973,14.2130003,14.2130003,10623000
2018-09-11 00:00:00-04:00,14.14999962,14.80300045,14.03909969,14.77600002,14.77600002,13205000
2018-09-12 00:00:00-04:00,14.77600002,15.37699986,14.62199974,15.31299973,15.31299973,17112000
2018-09-13 00:00:00-04:00,15.39999962,15.85000038,15.39500046,15.55000019,15.55000019,12598000
2018-09-14 00:00:00-04:00,15.69900036,15.88949966,15.35630035,15.47700024,15.47700024,12470000
2018-09-17 00:00:00-04:00,15.79199982,15.94299984,15.34500027,15.36299992,15.36299992,16542000
2018-09-18 00:00:00-04:00,15.44999981,16.42000008,15.44999981,16.22800064,16.22800064,17066000
2018-09-19 00:00:00-04:00,16.39999962,16.64999962,16.1515007,16.45999908,16.45999908,16378000
2018-09-20 00:00:00-04:00,16.53800011,16.89500046,16.45000076,16.71699905,16.71699905,13783000
2018-09-21 00:00:00-04:00,16.67000008,16.81599998,16.06100082,16.15200043,16.15200043,21464000
2018-09-24 00:00:00-04:00,15.95600033,16.53300095,15.73999977,16.21800041,16.21800041,8926000
2018-09-25 00:00:00-04:00,16.33699989,16.51399994,15.89999962,16.11100006,16.11100006,15798000
2018-09-26 00:00:00-04:00,16.25200081,16.47999954,15.98799992,16.20000076,16.20000076,8605000
2018-09-27 00:00:00-04:00,16.22599983,16.47100067,16.20199966,16.44499969,16.44499969,6043000
2018-09-28 00:00:00-04:00,16.41900063,16.77899933,16.30599976,16.44599915,16.44599915,7894000
2018-10-01 00:00:00-04:00,16.6439991,16.68600082,16.25099945,16.34199905,16.34199905,8684000
2018-10-02 00:00:00-04:00,16.24600029,16.39999962,15.59700012,15.65999985,15.65999985,15665000
2018-10-03 00:00:00-04:00,15.7510004,16.23600006,15.71899986,16.02000046,16.02000046,9095000
2018-10-04 00:00:00-04:00,15.94799995,16.01989937,14.77999973,14.89099979,14.89099979,19299000
2018-10-05 00:00:00-04:00,14.9090004,15.14099979,14.10700035,14.56000042,14.56000042,16913000
2018-10-08 00:00:00-04:00,14.32199955,14.55319977,13.80900002,14.04899979,14.04899979,12420000
2018-10-09 00:00:00-04:00,14.03999996,14.31799984,13.87549973,14.02200031,14.02200031,10555000
2018-10-10 00:00:00-04:00,13.96399975,13.99510002,12.80099964,13.01000023,13.01000023,26863000
2018-10-11 00:00:00-04:00,12.66899967,13.39799976,12.66800022,12.83899975,12.83899975,20703000
2018-10-12 00:00:00-04:00,13.51599979,13.69699955,13.02499962,13.52000046,13.52000046,20346000
2018-10-15 00:00:00-04:00,13.4989996,13.69999981,13.20899963,13.56999969,13.56999969,11142000
2018-10-16 00:00:00-04:00,13.86800003,14.60700035,13.8409996,14.58300018,14.58300018,13911000
2018-10-17 00:00:00-04:00,14.60000038,14.64999962,13.38700008,13.73700047,13.73700047,31490000
2018-10-18 00:00:00-04:00,13.67800045,14.01399994,13.35599995,13.47799969,13.47799969,15930000
2018-10-19 00:00:00-04:00,13.56799984,13.73810005,12.61999989,12.70699978,12.70699978,22296000
2018-10-22 00:00:00-04:00,12.83899975,13.55900002,12.56429958,13.43700027,13.43700027,23562000
2018-10-23 00:00:00-04:00,12.83399963,13.31999969,12.67099953,13.2159996,13.2159996,23669000
2018-10-24 00:00:00-04:00,13.3114996,13.46000004,12.20499992,12.22700024,12.22700024,23152000
2018-10-25 00:00:00-04:00,13.13599968,13.83399963,12.85000038,13.69900036,13.69900036,44847000
2018-10-26 00:00:00-04:00,12.96100044,13.83399963,12.84500027,13.29500008,13.29500008,28309000
2018-10-29 00:00:00-04:00,13.68299961,13.76799965,12.50800037,12.85000038,12.85000038,21561000
2018-10-30 00:00:00-04:00,12.53499985,13.23600006,12.27999973,12.91399956,12.91399956,30291000
2018-10-31 00:00:00-04:00,13.25,13.86499977,13.05300045,13.81499958,13.81499958,21188000
2018-11-01 00:00:00-04:00,13.87699986,14.50899982,13.56700039,14.43500042,14.43500042,17965000
2018-11-02 00:00:00-04:00,14.43500042,14.8920002,14.22599983,14.55500031,14.55500031,19476000
2018-11-05 00:00:00-05:00,14.39500046,14.5,13.97599983,14.10299969,14.10299969,12225000
2018-11-06 00:00:00-05:00,14.17800045,14.38099957,13.89999962,14.09300041,14.09300041,8319000
2018-11-07 00:00:00-05:00,14.41300011,14.94999981,14.31400013,14.81900024,14.81900024,15287000
2018-11-08 00:00:00-05:00,14.8210001,15.08380032,14.63899994,14.95400047,14.95400047,12999000
2018-11-09 00:00:00-05:00,14.72900009,14.72900009,13.85999966,14.09000015,14.09000015,17267000
2018-11-12 00:00:00-05:00,13.9289999,13.93099976,13.09000015,13.5539999,13.5539999,16870000
2018-11-13 00:00:00-05:00,13.64999962,14.0539999,13.41699982,13.87800026,13.87800026,14045000
2018-11-14 00:00:00-05:00,14.09399986,14.44999981,13.96100044,14.27600002,14.27600002,13594000
2018-11-15 00:00:00-05:00,14.25199986,15.12699986,14.14999962,15.00899982,15.00899982,18683000
2018-11-16 00:00:00-05:00,14.66699982,15.15100002,14.51299953,15.10200024,15.10200024,12185000
2018-11-19 00:00:00-05:00,15.02999973,15.12100029,13.35900021,13.375,13.375,22485000
2018-11-20 00:00:00-05:00,12.25199986,13.6420002,12.19999981,13.43500042,13.43500042,21957000
2018-11-21 00:00:00-05:00,13.89700031,14.01200008,13.24600029,13.26099968,13.26099968,12529000
2018-11-23 00:00:00-05:00,13.12699986,13.61999989,12.96459961,13.48099995,13.48099995,6731000
2018-11-26 00:00:00-05:00,13.78800011,14.45199966,13.74800014,14.44400024,14.44400024,15814000
2018-11-27 00:00:00-05:00,14.19999981,14.68999958,14.1789999,14.44699955,14.44699955,10561000
2018-11-28 00:00:00-05:00,14.64099979,15.00199986,14.5010004,14.99600029,14.99600029,12554000
2018-11-29 00:00:00-05:00,15,15.14599991,14.62510014,14.90400028,14.90400028,11335000
2018-11-30 00:00:00-05:00,14.90299988,15.28899956,14.77999973,15.26599979,15.26599979,10713000
2018-12-03 00:00:00-05:00,15.65600014,15.90999985,15.39999962,15.63899994,15.63899994,14962000
2018-12-04 00:00:00-05:00,15.5,15.90999985,14.93500042,15.02000046,15.02000046,14810000
2018-12-06 00:00:00-05:00,14.30900002,15.72700024,14.22999954,15.68999958,15.68999958,16399000
2018-12-07 00:00:00-05:00,15.69799995,15.98999977,14.52000046,14.68799973,14.68799973,16364000
2018-12-10 00:00:00-05:00,14.60700035,15.1590004,14.39099979,15.14999962,15.14999962,12475000
2018-12-11 00:00:00-05:00,15.49600029,15.88300037,15.31099987,15.46700001,15.46700001,15308000
2018-12-12 00:00:00-05:00,15.79899979,16.37700081,15.74400043,16.00900078,16.00900078,14118000
2018-12-13 00:00:00-05:00,16.09799957,16.41300011,15.94900036,16.1060009,16.1060009,12387000
2018-12-14 00:00:00-05:00,14.79699993,14.90200043,14,14.0170002,14.0170002,63741000
2018-12-17 00:00:00-05:00,13.99199963,13.99199963,12.87899971,12.9659996,12.9659996,50159000
2018-12-18 00:00:00-05:00,13.36299992,13.61999989,13.16100025,13.43900013,13.43900013,25750000
2018-12-19 00:00:00-05:00,13.5,14.05300045,13.16899967,13.31900024,13.31900024,26905000
2018-12-20 00:00:00-05:00,13.12100029,13.49610043,12.14999962,12.77099991,12.77099991,34294000
2018-12-21 00:00:00-05:00,12.82999992,12.86299992,12.18500042,12.24100018,12.24100018,24832000
2018-12-24 00:00:00-05:00,11.89500046,12.2869997,11.76399994,11.90999985,11.90999985,13060000
2018-12-26 00:00:00-05:00,12.13799953,13.05500031,12.13799953,13.02099991,13.02099991,16273000
2018-12-27 00:00:00-05:00,12.64400005,13.26000023,12.50399971,13.23999977,13.23999977,14611000
2018-12-28 00:00:00-05:00,13.4119997,13.61299992,12.94200039,13.34599972,13.34599972,13765000
2018-12-31 00:00:00-05:00,13.60200024,14.05340004,13.50720024,13.84500027,13.84500027,16842000
2019-01-02 00:00:00-05:00,13.39999962,13.91399956,13.11699963,13.76000023,13.76000023,12326000
2019-01-03 00:00:00-05:00,13.47599983,13.6260004,12.94799995,12.97900009,12.97900009,12195000
2019-01-04 00:00:00-05:00,13.45100021,13.94999981,13.31599998,13.80599976,13.80599976,13661000
2019-01-07 00:00:00-05:00,13.96500015,14.58500004,13.8739996,14.43900013,14.43900013,12600000
2019-01-08 00:00:00-05:00,14.76399994,14.98200035,14.40100002,14.54399967,14.54399967,13677000
2019-01-09 00:00:00-05:00,14.64999962,15.03299999,14.43999958,14.86200047,14.86200047,12757000
2019-01-10 00:00:00-05:00,14.63099957,14.99699974,14.45800018,14.82699966,14.82699966,9652000
2019-01-11 00:00:00-05:00,14.73099995,15,14.67099953,14.94299984,14.94299984,6853000
2019-01-14 00:00:00-05:00,14.72700024,14.99300003,14.46899986,14.90999985,14.90999985,14552000
2019-01-15 00:00:00-05:00,14.95899963,15.5539999,14.95899963,15.43000031,15.43000031,16382000
2019-01-16 00:00:00-05:00,15.56999969,15.85900021,15.32999992,15.82499981,15.82499981,21420000
2019-01-17 00:00:00-05:00,15.65999985,15.99800014,15.58199978,15.76900005,15.76900005,12425000
2019-01-18 00:00:00-05:00,16,16.02300072,15.76900005,15.84300041,15.84300041,11429000
2019-01-22 00:00:00-05:00,15.72299957,15.85700035,15.40999985,15.62800026,15.62800026,10364000
2019-01-23 00:00:00-05:00,15.81999969,16.02000046,15.44799995,15.65999985,15.65999985,7935000
2019-01-24 00:00:00-05:00,15.64799976,15.93999958,15.625,15.8409996,15.8409996,6552000
2019-01-25 00:00:00-05:00,16,16.36400032,15.97850037,16.28199959,16.28199959,9803000
2019-01-28 00:00:00-05:00,15.96800041,16.1182003,15.8380003,15.94400024,15.94400024,8072000
2019-01-29 00:00:00-05:00,16,16.04999924,15.45199966,15.71100044,15.71100044,10409000
2019-01-30 00:00:00-05:00,15.99699974,16.29800034,15.80000019,16.24300003,16.24300003,7124000
2019-01-31 00:00:00-05:00,16.24699974,16.95999908,16.19199944,16.84700012,16.84700012,16616000
2019-02-01 00:00:00-05:00,16.83600044,17.10000038,16.75099945,17.05900002,17.05900002,12484000
2019-02-04 00:00:00-05:00,17.06200027,17.46500015,17.02599907,17.35499954,17.35499954,11720000
2019-02-05 00:00:00-05:00,17.36499977,17.68799973,17.33600044,17.35700035,17.35700035,9695000
2019-02-06 00:00:00-05:00,17.23699951,17.45000076,17.06999969,17.36000061,17.36000061,7363000
2019-02-07 00:00:00-05:00,17.12800026,17.41799927,17.10880089,17.18000031,17.18000031,14082000
2019-02-08 00:00:00-05:00,17.02199936,17.6989994,16.95999908,17.59499931,17.59499931,9795000
2019-02-11 00:00:00-05:00,17.80500031,18,17.2935009,17.31699944,17.31699944,22201000
2019-02-12 00:00:00-05:00,16.36499977,17.5890007,16.06299973,17.55500031,17.55500031,59280000
2019-02-13 00:00:00-05:00,17.81900024,18,17.10400009,17.20199966,17.20199966,29827000
2019-02-14 00:00:00-05:00,17.10899925,17.72400093,16.95599937,17.65200043,17.65200043,16076000
2019-02-15 00:00:00-05:00,17.70999908,17.87199974,17.37100029,17.81900024,17.81900024,11292000
2019-02-19 00:00:00-05:00,17.70400047,18.50699997,17.70400047,18.12999916,18.12999916,22828000
2019-02-20 00:00:00-05:00,18.16500092,18.41900063,17.74600029,17.92099953,17.92099953,13306000
2019-02-21 00:00:00-05:00,17.9640007,18.03590012,17.71800041,17.84700012,17.84700012,9744000
2019-02-22 00:00:00-05:00,18,18.36599922,17.93569946,18.36300087,18.36300087,10176000
2019-02-25 00:00:00-05:00,18.58200073,18.87599945,18.44799995,18.75,18.75,12716000
2019-02-26 00:00:00-05:00,18.6079998,18.79299927,18.38500023,18.50300026,18.50300026,10451000
2019-02-27 00:00:00-05:00,18.5170002,18.9260006,18.47999954,18.92000008,18.92000008,9082000
2019-02-28 00:00:00-05:00,18.82799911,19.11300087,18.74900055,18.91500092,18.91500092,8654000
2019-03-01 00:00:00-05:00,19.08499908,19.27799988,18.92919922,19.15200043,19.15200043,11262000
2019-03-04 00:00:00-05:00,19.23800087,19.4803009,18.23699951,18.64699936,18.64699936,16062000
2019-03-05 00:00:00-05:00,18.65699959,18.91600037,18.43499947,18.75,18.75,10058000
2019-03-06 00:00:00-05:00,18.75,18.87700081,18.4109993,18.73699951,18.73699951,7238000
2019-03-07 00:00:00-05:00,18.65099907,19.03800011,18.47999954,18.69400024,18.69400024,7349000
2019-03-08 00:00:00-05:00,18.21800041,19,18.10000038,18.97599983,18.97599983,12627000
2019-03-11 00:00:00-04:00,19.09900093,20.0739994,19.09900093,20.03899956,20.03899956,20585000
2019-03-12 00:00:00-04:00,20.10000038,20.37899971,19.70499992,20.24699974,20.24699974,13287000
2019-03-13 00:00:00-04:00,20.35000038,20.69499969,20.23600006,20.5510006,20.5510006,11775000
2019-03-14 00:00:00-04:00,20.43199921,20.95899963,20.3390007,20.82299995,20.82299995,12190000
2019-03-15 00:00:00-04:00,20.88699913,20.94099998,20.36199951,20.59799957,20.59799957,23373000
2019-03-18 00:00:00-04:00,20.45000076,20.59199905,20.14500046,20.57699966,20.57699966,12488000
2019-03-19 00:00:00-04:00,20.77000046,20.79999924,19.76530075,20.20899963,20.20899963,22154000
2019-03-20 00:00:00-04:00,20.0529995,20.30999947,19.87299919,20.13400078,20.13400078,14016000
2019-03-21 00:00:00-04:00,20.03199959,20.52000046,19.88150024,20.5,20.5,17210000
2019-03-22 00:00:00-04:00,20.44000053,20.46899986,19.86100006,19.875,19.875,15301000
2019-03-25 00:00:00-04:00,19.80500031,20.27499962,19.64699936,20.14500046,20.14500046,12575000
2019-03-26 00:00:00-04:00,20.36300087,20.74099922,20.27300072,20.43700027,20.43700027,11659000
2019-03-27 00:00:00-04:00,20.56599998,20.5720005,19.6609993,20.00799942,20.00799942,10204000
2019-03-28 00:00:00-04:00,20.08300018,20.375,19.70000076,20.34499931,20.34499931,11140000
2019-03-29 00:00:00-04:00,20.58799934,20.75,20.31900024,20.66200066,20.66200066,8101000
2019-04-01 00:00:00-04:00,20.84300041,21.01000023,20.31200027,20.60400009,20.60400009,11032000
2019-04-02 00:00:00-04:00,20.55999947,20.60499954,19.84499931,20.14599991,20.14599991,24549000
2019-04-03 00:00:00-04:00,20.19799995,20.57999992,19.88899994,20.51199913,20.51199913,20110000
2019-04-04 00:00:00-04:00,20.45400047,20.50099945,19.03800011,19.47500038,19.47500038,47621000
2019-04-05 00:00:00-04:00,19.55900002,19.80200005,19.48900032,19.66500092,19.66500092,14899000
2019-04-08 00:00:00-04:00,19.66500092,20.0890007,19.53199959,20.02400017,20.02400017,12913000
2019-04-09 00:00:00-04:00,19.82600021,20.42200089,19.73410034,20.39599991,20.39599991,12482000
2019-04-10 00:00:00-04:00,20.43600082,20.74399948,20.25099945,20.64999962,20.64999962,8803000
2019-04-11 00:00:00-04:00,20.75799942,21.15399933,20.63100052,21.09900093,21.09900093,13347000
2019-04-12 00:00:00-04:00,21.28199959,21.49300003,21.21100044,21.4829998,21.4829998,11970000
2019-04-15 00:00:00-04:00,21.4829998,21.98999977,21.36199951,21.8029995,21.8029995,17595000
2019-04-16 00:00:00-04:00,21.97800064,22.18199921,21.36100006,21.54000092,21.54000092,13382000
2019-04-17 00:00:00-04:00,21.68000031,21.83300018,21.13100052,21.70499992,21.70499992,10640000
2019-04-18 00:00:00-04:00,21.71299934,22.07799911,21.31299973,22.0720005,22.0720005,12877000
2019-04-22 00:00:00-04:00,22,22.59900093,21.91699982,22.42900085,22.42900085,13165000
2019-04-23 00:00:00-04:00,22.64999962,22.73900032,22.20999908,22.34399986,22.34399986,18813000
2019-04-24 00:00:00-04:00,22.45999908,22.45999908,21.86240005,21.9810009,21.9810009,20231000
2019-04-25 00:00:00-04:00,22.06900024,22.21899986,21.66200066,21.89699936,21.89699936,16673000
2019-04-26 00:00:00-04:00,21.89999962,22.51799965,21.89999962,22.22800064,22.22800064,13886000
2019-04-29 00:00:00-04:00,22.53300095,22.87400055,22.35300064,22.57900047,22.57900047,19403000
2019-04-30 00:00:00-04:00,22.6439991,24.75,22.6439991,24.35300064,24.35300064,62234000
2019-05-01 00:00:00-04:00,24.28499985,25.23019981,23.73900032,24.51600075,24.51600075,31843000
2019-05-02 00:00:00-04:00,24.58799934,26.08200073,24.54999924,25.55400085,25.55400085,40542000
2019-05-03 00:00:00-04:00,25.89999962,26.63999939,25.47900009,26.40299988,26.40299988,33499000
2019-05-06 00:00:00-04:00,25.71999931,26.67200089,25.51199913,26.55200005,26.55200005,29169000
2019-05-07 00:00:00-04:00,26.43600082,26.64999962,25.46999931,25.86899948,25.86899948,25894000
2019-05-08 00:00:00-04:00,25.87000084,26.46199989,25.75099945,26.15099907,26.15099907,18475000
2019-05-09 00:00:00-04:00,25.88800049,26.13599968,25.41200066,26.06200027,26.06200027,18310000
2019-05-10 00:00:00-04:00,26.04299927,26.29899979,25.26399994,25.88299942,25.88299942,16749000
2019-05-13 00:00:00-04:00,24.79100037,25.30629921,24.56200027,25.07900047,25.07900047,19388000
2019-05-14 00:00:00-04:00,24.5,25.40200043,24.22299957,25.31500053,25.31500053,20971000
2019-05-15 00:00:00-04:00,25.06100082,26.54199982,25.00399971,26.41600037,26.41600037,19316000
2019-05-16 00:00:00-04:00,26.5359993,27.94799995,26.51000023,27.8010006,27.8010006,29757000
2019-05-17 00:00:00-04:00,27.66799927,27.94400024,27.15800095,27.35000038,27.35000038,16672000
2019-05-20 00:00:00-04:00,27.00300026,27.29999924,26.47400093,26.71899986,26.71899986,18561000
2019-05-21 00:00:00-04:00,27.20400047,27.35980034,26.95100021,27.28100014,27.28100014,11104000
2019-05-22 00:00:00-04:00,27.17099953,28.09499931,27.13899994,27.89999962,27.89999962,12520000
2019-05-23 00:00:00-04:00,27.5,27.79800034,26.79999924,27.16200066,27.16200066,15303000
2019-05-24 00:00:00-04:00,27.45000076,27.88800049,27.25149918,27.58499908,27.58499908,11634000
2019-05-28 00:00:00-04:00,27.83499908,28.59600067,27.82999992,28.24300003,28.24300003,15389000
2019-05-29 00:00:00-04:00,28,28.03000069,27.05200005,27.26799965,27.26799965,16738000
2019-05-30 00:00:00-04:00,27.51000023,27.78199959,27.07999992,27.70499992,27.70499992,12909000
2019-05-31 00:00:00-04:00,27.33600044,27.89699936,27.2159996,27.48999977,27.48999977,10878000
2019-06-03 00:00:00-04:00,27.4279995,27.75099945,26.21699905,26.5,26.5,25358000
2019-06-04 00:00:00-04:00,26.84700012,27.40999985,26.4109993,27.39999962,27.39999962,16030000
2019-06-05 00:00:00-04:00,27.72200012,29.2859993,27.71199989,29.25200081,29.25200081,23421000
2019-06-06 00:00:00-04:00,29.18400002,29.9109993,28.90099907,29.70599937,29.70599937,18673000
2019-06-07 00:00:00-04:00,29.86599922,30.93700027,29.84000015,30.50499916,30.50499916,23447000
2019-06-10 00:00:00-04:00,30.91500092,31.55999947,30.44400024,30.67300034,30.67300034,17161000
2019-06-11 00:00:00-04:00,30.95999908,31.15099907,29.85700035,30.67099953,30.67099953,18478000
2019-06-12 00:00:00-04:00,30.44799995,31.27000046,30.20000076,31.01399994,31.01399994,11246000
2019-06-13 00:00:00-04:00,31.29100037,31.40950012,30.56399918,30.6989994,30.6989994,10434000
2019-06-14 00:00:00-04:00,30.54100037,30.6420002,30.19400024,30.51099968,30.51099968,7510000
2019-06-17 00:00:00-04:00,30.44499969,30.78800011,30.30500031,30.58499908,30.58499908,7035000
2019-06-18 00:00:00-04:00,31,31.13800049,30.37400055,30.42099953,30.42099953,11049000
2019-06-19 00:00:00-04:00,30.5510006,32.76900101,30.23999977,32.70199966,32.70199966,29802000
2019-06-20 00:00:00-04:00,33.15000153,33.89400101,32.59999847,32.80099869,32.80099869,31088000
2019-06-21 00:00:00-04:00,32.79999924,33.13700104,32.40999985,32.68500137,32.68500137,14460000
2019-06-24 00:00:00-04:00,32.33399963,32.44800186,31.10499954,31.18300056,31.18300056,21796000
2019-06-25 00:00:00-04:00,30.6989994,30.96299934,28.17499924,28.40399933,28.40399933,49530000
2019-06-26 00:00:00-04:00,28.90200043,29.55200005,28.16900063,28.90299988,28.90299988,23340000
2019-06-27 00:00:00-04:00,29.04999924,30.24399948,28.95000076,30.09600067,30.09600067,18145000
2019-06-28 00:00:00-04:00,30.32999992,30.42900085,29.23399925,30.01499939,30.01499939,15009000
2019-07-01 00:00:00-04:00,30.86000061,30.87700081,30.03300095,30.46800041,30.46800041,13440000
2019-07-02 00:00:00-04:00,30.53899956,31.4659996,30.5,31.19599915,31.19599915,12988000
2019-07-03 00:00:00-04:00,31.0890007,31.83399963,31.02799988,31.33300018,31.33300018,9664000
2019-07-05 00:00:00-04:00,31.10099983,31.39299965,30.3409996,31.37199974,31.37199974,13183000
2019-07-08 00:00:00-04:00,31.44400024,32.97999954,31.29599953,32.09999847,32.09999847,25487000
2019-07-09 00:00:00-04:00,32.24100113,32.44300079,31.95000076,32.19800186,32.19800186,17407000
2019-07-10 00:00:00-04:00,32.45299911,32.69900131,31.85099983,31.90099907,31.90099907,12757000
2019-07-11 00:00:00-04:00,31.89999962,31.97890091,31.42399979,31.5,31.5,12383000
2019-07-12 00:00:00-04:00,31.5,31.57780075,30.25699997,31.00200081,31.00200081,20248000
2019-07-15 00:00:00-04:00,30.99399948,32.42900085,30.60169983,32.40200043,32.40200043,18413000
2019-07-16 00:00:00-04:00,32.36600113,32.47999954,31.58699989,31.73900032,31.73900032,13369000
2019-07-17 00:00:00-04:00,31.93199921,33.69499969,31.90329933,32.5320015,32.5320015,37482000
2019-07-18 00:00:00-04:00,32.57500076,33.32600021,32.26100159,33.11500168,33.11500168,16785000
2019-07-19 00:00:00-04:00,33.31499863,33.90000153,32.9679985,33,33,14789000
2019-07-22 00:00:00-04:00,33.19200134,34.08359909,33.15100098,33.52399826,33.52399826,18709000
2019-07-23 00:00:00-04:00,33.70000076,33.89599991,32.86000061,33.02199936,33.02199936,16641000
2019-07-24 00:00:00-04:00,33.05099869,33.18259811,32.4109993,32.95700073,32.95700073,18889000
2019-07-25 00:00:00-04:00,33.0909996,33.87400055,32.77460098,33.33399963,33.33399963,14984000
2019-07-26 00:00:00-04:00,33.29399872,33.89699936,33.23199844,33.65399933,33.65399933,11202000
2019-07-29 00:00:00-04:00,33.63499832,33.70299911,31.35309982,31.97100067,31.97100067,22234000
2019-07-30 00:00:00-04:00,31.39999962,32.23400116,31.0359993,31.43000031,31.43000031,17761000
2019-07-31 00:00:00-04:00,31.65099907,32.09799957,31.0359993,31.78800011,31.78800011,18363000
2019-08-01 00:00:00-04:00,33.40100098,35.07899857,32.80099869,34.13899994,34.13899994,46128000
2019-08-02 00:00:00-04:00,34.1230011,34.1230011,32.26699829,33.21900177,33.21900177,19806000
2019-08-05 00:00:00-04:00,31.38699913,32.75,31.3390007,32.13899994,32.13899994,23913000
2019-08-06 00:00:00-04:00,32.74100113,33.33800125,32.43999863,33.26699829,33.26699829,17726000
2019-08-07 00:00:00-04:00,33.00799942,34.28300095,32.85300064,34.13100052,34.13100052,17679000
2019-08-08 00:00:00-04:00,34.40100098,35.85800171,34.23400116,35.78099823,35.78099823,18852000
2019-08-09 00:00:00-04:00,35.45000076,37.1629982,35.42499924,36.99499893,36.99499893,23614000
2019-08-12 00:00:00-04:00,36.70000076,37.23600006,36.125,36.67300034,36.67300034,17058000
2019-08-13 00:00:00-04:00,36.40000153,37.06999969,35.53300095,36.92300034,36.92300034,19219000
2019-08-14 00:00:00-04:00,36.03699875,36.69400024,34.75500107,35.27999878,35.27999878,23977000
2019-08-15 00:00:00-04:00,35.5,35.95000076,34.76800156,35.10699844,35.10699844,15822000
2019-08-16 00:00:00-04:00,35.60900116,36.10699844,35.14580154,35.87400055,35.87400055,13206000
2019-08-19 00:00:00-04:00,36.37400055,36.5909996,35.9109993,36.18299866,36.18299866,12007000
2019-08-20 00:00:00-04:00,36.14599991,37.63000107,35.93199921,37.49700165,37.49700165,20717000
2019-08-21 00:00:00-04:00,38.14300156,39.14500046,37.75,38.98300171,38.98300171,24212000
2019-08-22 00:00:00-04:00,39.18799973,39.28300095,38.0019989,38.85400009,38.85400009,20848000
2019-08-23 00:00:00-04:00,38.79899979,40.11640167,38.125,38.27500153,38.27500153,29024000
2019-08-26 00:00:00-04:00,38.86100006,39.79600143,38.41199875,39.59600067,39.59600067,19962000
2019-08-27 00:00:00-04:00,40.27000046,40.96099854,39.84999847,40.69900131,40.69900131,27919000
2019-08-28 00:00:00-04:00,40.63700104,40.7879982,39.08200073,39.47999954,39.47999954,27436000
2019-08-29 00:00:00-04:00,40.22499847,40.29999924,39.17100143,39.17100143,39.17100143,24074000
2019-08-30 00:00:00-04:00,39.36199951,39.44400024,37.17300034,38.53900146,38.53900146,29226000
2019-09-03 00:00:00-04:00,38.40000153,39.27999878,38.02000046,38.39099884,38.39099884,19655000
2019-09-04 00:00:00-04:00,38.97000122,39.14899826,38.25,38.64899826,38.64899826,13399000
2019-09-05 00:00:00-04:00,38.77000046,39.29949951,38.0379982,39.27199936,39.27199936,22185000
2019-09-06 00:00:00-04:00,39.34899902,39.57500076,38.01399994,38.04199982,38.04199982,17237000
2019-09-09 00:00:00-04:00,38.40200043,38.40200043,35.03250122,35.86700058,35.86700058,45181000
2019-09-10 00:00:00-04:00,35.25,35.53099823,33.50899887,33.72399902,33.72399902,52546000
2019-09-11 00:00:00-04:00,33.84000015,35.06999969,33.61000061,34.75099945,34.75099945,32152000
2019-09-12 00:00:00-04:00,35.49700165,36.08200073,35.11100006,35.6629982,35.6629982,30800000
2019-09-13 00:00:00-04:00,35.65299988,35.75,33.76399994,33.83100128,33.83100128,26766000
2019-09-16 00:00:00-04:00,32.85100174,34.34500122,32.45100021,33.79299927,33.79299927,28553000
2019-09-17 00:00:00-04:00,32.45899963,33.47299957,32.3429985,32.88199997,32.88199997,55335000
2019-09-18 00:00:00-04:00,33.10699844,33.18899918,31.75499916,32.58499908,32.58499908,27011000
2019-09-19 00:00:00-04:00,32.83399963,33.18500137,32.12200165,32.5,32.5,17669000
2019-09-20 00:00:00-04:00,32.49900055,33.09000015,31.20000076,31.88199997,31.88199997,27832000
2019-09-23 00:00:00-04:00,31.77799988,32.54700089,31.07139969,31.32600021,31.32600021,24693000
2019-09-24 00:00:00-04:00,31.3560009,31.58399963,28.75699997,29.54700089,29.54700089,52634000
2019-09-25 00:00:00-04:00,29.20000076,31.58250046,28.60700035,31.45999908,31.45999908,54844000
2019-09-26 00:00:00-04:00,31.48200035,31.61899948,30.23600006,31.31399918,31.31399918,29359000
2019-09-27 00:00:00-04:00,31.39999962,31.63999939,30.17099953,30.56900024,30.56900024,21812000
2019-09-30 00:00:00-04:00,30.46899986,31.64900017,30.20299911,31.16600037,31.16600037,20602000
2019-10-01 00:00:00-04:00,31.16600037,32,30.87999916,31.3220005,31.3220005,20107000
2019-10-02 00:00:00-04:00,30.9640007,31.11700058,30.06999969,31.0359993,31.0359993,22062000
2019-10-03 00:00:00-04:00,31.1439991,32.65999985,30.41760063,32.55699921,32.55699921,31372000
2019-10-04 00:00:00-04:00,32.74700165,33.04499817,32.00999832,32.72000122,32.72000122,27540000
2019-10-07 00:00:00-04:00,32.68199921,33.1570015,32.2159996,32.63199997,32.63199997,14006000
2019-10-08 00:00:00-04:00,32.25,32.56900024,31.07999992,31.10499954,31.10499954,19673000
2019-10-09 00:00:00-04:00,31.35000038,31.67099953,31.16699982,31.38500023,31.38500023,14488000
2019-10-10 00:00:00-04:00,31.4470005,32.92900085,31.10099983,32.4469986,32.4469986,21758000
2019-10-11 00:00:00-04:00,33.0870018,33.73300171,32.44599915,32.92599869,32.92599869,22612000
2019-10-14 00:00:00-04:00,32.89899826,34.60300064,32.86700058,34.43000031,34.43000031,21224000
2019-10-15 00:00:00-04:00,34.70999908,34.94400024,34.36999893,34.60800171,34.60800171,20334000
2019-10-16 00:00:00-04:00,34.20100021,34.36500168,32.22399902,32.36399841,32.36399841,24892000
2019-10-17 00:00:00-04:00,32.65000153,33.39199829,32.40000153,33.13399887,33.13399887,16843000
2019-10-18 00:00:00-04:00,33.20000076,33.5,31.21299934,31.43400002,31.43400002,26576000
2019-10-21 00:00:00-04:00,31.70000076,32.65599823,31.1609993,31.97299957,31.97299957,17972000
2019-10-22 00:00:00-04:00,32.34999847,32.68000031,29.53000069,29.96899986,29.96899986,30904000
2019-10-23 00:00:00-04:00,29.82099915,30.97719955,29.1060009,29.7140007,29.7140007,23660000
2019-10-24 00:00:00-04:00,30.19599915,32.42399979,30.10300064,32.33399963,32.33399963,31335000
2019-10-25 00:00:00-04:00,31.67200089,32.13600159,30.91200066,31.74500084,31.74500084,22416000
2019-10-28 00:00:00-04:00,32.24900055,32.91799927,31.28199959,32.49300003,32.49300003,28425000
2019-10-29 00:00:00-04:00,30.60000038,32.18799973,29.86400032,31.25200081,31.25200081,53518000
2019-10-30 00:00:00-04:00,31.33200073,31.99399948,30.84600067,31.91200066,31.91200066,20418000
2019-10-31 00:00:00-04:00,31.64100075,31.98500061,30.87400055,31.35700035,31.35700035,17894000
2019-11-01 00:00:00-04:00,31.625,32.20800018,31.28700066,31.6760006,31.6760006,16005000
2019-11-04 00:00:00-05:00,31.83799934,32.09999847,30.37700081,30.79100037,30.79100037,26226000
2019-11-05 00:00:00-05:00,30.80900002,30.90500069,29.44619942,29.54999924,29.54999924,28060000
2019-11-06 00:00:00-05:00,29.69199944,30.06999969,29.15099907,29.50200081,29.50200081,16359000
2019-11-07 00:00:00-05:00,29.55500031,29.74900055,28.24399948,28.57500076,28.57500076,24489000
2019-11-08 00:00:00-05:00,28.20800018,29.88100052,28.20800018,29.76399994,29.76399994,24672000
2019-11-11 00:00:00-05:00,29.60400009,30.52000046,29.34600067,30.33200073,30.33200073,17478000
2019-11-12 00:00:00-05:00,30.18199921,31.07489967,30.18199921,30.55599976,30.55599976,16772000
2019-11-13 00:00:00-05:00,30.5,31.48399925,30.26399994,31.43099976,31.43099976,19642000
2019-11-14 00:00:00-05:00,31.43199921,31.98900032,30.93549919,31.24500084,31.24500084,16535000
2019-11-15 00:00:00-05:00,31.49300003,31.53100014,30.96999931,31.23800087,31.23800087,10205000
2019-11-18 00:00:00-05:00,31.27300072,32.58300018,31.03499985,32.29800034,32.29800034,17435000
2019-11-19 00:00:00-05:00,32.32300186,32.57799911,31.45100021,31.62800026,31.62800026,14284000
2019-11-20 00:00:00-05:00,31.43799973,32.51179886,31.20000076,31.70499992,31.70499992,16569000
2019-11-21 00:00:00-05:00,31.75,32.19800186,31.42000008,31.60700035,31.60700035,13531000
2019-11-22 00:00:00-05:00,31.87599945,32,30.97330093,31.45199966,31.45199966,11163000
2019-11-25 00:00:00-05:00,31.50900078,31.87400055,31.23200035,31.70700073,31.70700073,13718000
2019-11-26 00:00:00-05:00,31.79400063,33.71699905,31.70800018,33.61899948,33.61899948,28766000
2019-11-27 00:00:00-05:00,33.75099945,34.26499939,33.00799942,34.09999847,34.09999847,24136000
2019-11-29 00:00:00-05:00,33.99000168,34.40000153,33.55099869,33.67499924,33.67499924,12067000
2019-12-02 00:00:00-05:00,33.59999847,33.59999847,31.15320015,33.08399963,33.08399963,29702000
2019-12-03 00:00:00-05:00,32.10100174,35.13100052,32,35.06600189,35.06600189,32698000
2019-12-04 00:00:00-05:00,35,37.69100189,34.95100021,37.20000076,37.20000076,56008000
2019-12-05 00:00:00-05:00,37.10300064,37.6590004,36.02600098,36.35900116,36.35900116,32422000
2019-12-06 00:00:00-05:00,36.77999878,37.22900009,36.07500076,36.45999908,36.45999908,21987000
2019-12-09 00:00:00-05:00,36.51800156,38.11100006,36.40000153,36.97900009,36.97900009,40746000
2019-12-10 00:00:00-05:00,37.35100174,37.39699936,36.45460129,36.79999924,36.79999924,15147000
2019-12-11 00:00:00-05:00,36.8409996,37.45000076,36.55099869,37.30799866,37.30799866,18379000
2019-12-12 00:00:00-05:00,37.20000076,37.63000107,36.49100113,37.20500183,37.20500183,21714000
2019-12-13 00:00:00-05:00,37.04499817,39.20000076,37.04499817,38.55699921,38.55699921,32570000
2019-12-16 00:00:00-05:00,38.97399902,39.66699982,38.29999924,39.36299896,39.36299896,26217000
2019-12-17 00:00:00-05:00,39.29999924,39.70000076,38.06299973,38.79499817,38.79499817,24641000
2019-12-18 00:00:00-05:00,39.10200119,40.47999954,39.05350113,39.69400024,39.69400024,30707000
2019-12-19 00:00:00-05:00,39.55899811,40.19800186,39.1269989,39.30599976,39.30599976,19410000
2019-12-20 00:00:00-05:00,39.30500031,39.86959839,38.75099945,39.00699997,39.00699997,16842000
2019-12-23 00:00:00-05:00,39.28699875,39.87099838,38.8030014,38.9129982,38.9129982,14290000
2019-12-24 00:00:00-05:00,38.98099899,40.06399918,38.61399841,39.93899918,39.93899918,15273000
2019-12-26 00:00:00-05:00,40.27600098,41.65999985,40.24000168,40.875,40.875,23498000
2019-12-27 00:00:00-05:00,41.15100098,41.58000183,40.31100082,40.79999924,40.79999924,19133000
2019-12-30 00:00:00-05:00,40.83800125,40.93199921,39.21099854,39.63600159,39.63600159,18269000
2019-12-31 00:00:00-05:00,39.49599838,40.39400101,39.10100174,39.75799942,39.75799942,11222000
2020-01-02 00:00:00-05:00,40.39899826,40.82400131,39.83599854,40.78099823,40.78099823,13967000
2020-01-03 00:00:00-05:00,40.15999985,40.84030151,39.70000076,40.42900085,40.42900085,10317000
2020-01-06 00:00:00-05:00,39.85900116,41.35200119,39.54199982,41.33300018,41.33300018,16860000
2020-01-07 00:00:00-05:00,41.57500076,42.2480011,41.01200104,41.45000076,41.45000076,15529000
2020-01-08 00:00:00-05:00,41.39300156,42.25450134,41.18600082,41.81000137,41.81000137,15501000
2020-01-09 00:00:00-05:00,42.31000137,43.17100143,42.17900085,43.02000046,43.02000046,17844000
2020-01-10 00:00:00-05:00,43.24900055,43.85599899,42.76699829,42.91699982,42.91699982,18041000
2020-01-13 00:00:00-05:00,43.49900055,44.67449951,43.375,44.02500153,44.02500153,19998000
2020-01-14 00:00:00-05:00,44.27700043,44.59199905,43.04999924,44.12200165,44.12200165,15055000
2020-01-15 00:00:00-05:00,44.19200134,45.29999924,44.12200165,44.85100174,44.85100174,16329000
2020-01-16 00:00:00-05:00,45.27399826,45.37799835,44.66400146,45.13000107,45.13000107,14669000
2020-01-17 00:00:00-05:00,45.27299881,45.89099884,45.20000076,45.48799896,45.48799896,18692000
2020-01-21 00:00:00-05:00,45.49900055,47.2859993,45.4090004,46.54399872,46.54399872,21393000
2020-01-22 00:00:00-05:00,47,47.67860031,46.31700134,46.47600174,46.47600174,23584000
2020-01-23 00:00:00-05:00,46.47700119,47.29999924,46,46.92499924,46.92499924,24450000
2020-01-24 00:00:00-05:00,47.40000153,47.65100098,45.78300095,46.54800034,46.54800034,21411000
2020-01-27 00:00:00-05:00,44.76200104,45.99000168,43.67399979,45.11100006,45.11100006,22474000
2020-01-28 00:00:00-05:00,45.34999847,46.86700058,45.11000061,46.76599884,46.76599884,15361000
2020-01-29 00:00:00-05:00,47.3390007,48.00460052,47.04499817,47.16699982,47.16699982,18085000
2020-01-30 00:00:00-05:00,47.04999924,47.81499863,46.4659996,47.68799973,47.68799973,15071000
2020-01-31 00:00:00-05:00,48.05799866,48.28699875,46.30199814,46.56600189,46.56600189,21802000
2020-02-03 00:00:00-05:00,46.82500076,47.48799896,45.72499847,46.93899918,46.93899918,18507000
2020-02-04 00:00:00-05:00,47.63899994,48.76800156,47.17910004,48.54600143,48.54600143,17798000
2020-02-05 00:00:00-05:00,49.34999847,49.5,46.79579926,47.55599976,47.55599976,21317000
2020-02-06 00:00:00-05:00,47.31600189,47.57300186,46.25,47.29800034,47.29800034,16732000
2020-02-07 00:00:00-05:00,47.20000076,48.17300034,46.6780014,47.86899948,47.86899948,11944000
2020-02-10 00:00:00-05:00,47.9109993,49.16930008,47.65299988,49.16899872,49.16899872,18650000
2020-02-11 00:00:00-05:00,49.4070015,49.98799896,48.9109993,49.27500153,49.27500153,26930000
2020-02-12 00:00:00-05:00,56.88999939,59.38899994,52.90000153,53.125,53.125,97794000
2020-02-13 00:00:00-05:00,53.30099869,55.47800064,53.0707016,53.29700089,53.29700089,45225000
2020-02-14 00:00:00-05:00,54.09999847,54.22000122,52.33300018,53.12200165,53.12200165,22082000
2020-02-18 00:00:00-05:00,53.40000153,54.88800049,53.20000076,53.64099884,53.64099884,24464000
2020-02-19 00:00:00-05:00,54.40499878,54.96849823,53.86399841,54.32099915,54.32099915,17858000
2020-02-20 00:00:00-05:00,54.26900101,54.71849823,50.74000168,53.55799866,53.55799866,24669000
2020-02-21 00:00:00-05:00,53.12400055,53.45999908,51.1609993,52.06600189,52.06600189,19258000
2020-02-24 00:00:00-05:00,48.20000076,50.40449905,47.59999847,49.09600067,49.09600067,32880000
2020-02-25 00:00:00-05:00,50,50.24300003,45.64599991,46.64599991,46.64599991,34084000
2020-02-26 00:00:00-05:00,45.92499924,48.40000153,45.90399933,47.11800003,47.11800003,25320000
2020-02-27 00:00:00-05:00,45.22800064,46.79330063,42.79349899,43.8370018,43.8370018,37168000
2020-02-28 00:00:00-05:00,42.26350021,46.33100128,42.04999924,46.33100128,46.33100128,34554000
2020-03-02 00:00:00-05:00,48.31999969,48.875,46.1595993,48.84000015,48.84000015,32555000
2020-03-03 00:00:00-05:00,50.14799881,50.29999924,46.7519989,47.69400024,47.69400024,31572000
2020-03-04 00:00:00-05:00,48.90000153,51.40000153,48.59999847,51.22299957,51.22299957,26945000
2020-03-05 00:00:00-05:00,49.5,51.23749924,49.125,49.8219986,49.8219986,24602000
2020-03-06 00:00:00-05:00,48,49.11999893,45.91469955,47.20700073,47.20700073,29135000
2020-03-09 00:00:00-04:00,43.08200073,44.60800171,41.65100098,41.83200073,41.83200073,29866000
2020-03-10 00:00:00-04:00,44.5,45.04999924,42.06299973,45.0340004,45.0340004,28641000
2020-03-11 00:00:00-04:00,43.52500153,44.20000076,40.63299942,42.23099899,42.23099899,28126000
2020-03-12 00:00:00-04:00,37.09999847,40.35699844,36.61000061,37.77799988,37.77799988,44194000
2020-03-13 00:00:00-04:00,40.40000153,40.64199829,36.30099869,39.09000015,39.09000015,33144000
2020-03-16 00:00:00-04:00,33.90000153,36.20000076,32.15000153,32.22900009,32.22900009,41799000
2020-03-17 00:00:00-04:00,33.0019989,35.79999924,30.7670002,35.50899887,35.50899887,42408000
2020-03-18 00:00:00-04:00,32.63399887,35.85559845,30.53000069,33.68299866,33.68299866,35224000
2020-03-19 00:00:00-04:00,33.61600113,34.57300186,31.60000038,33.25,33.25,32472000
2020-03-20 00:00:00-04:00,34.5,37.25429916,34.20000076,34.60599899,34.60599899,42957000
2020-03-23 00:00:00-04:00,34.65399933,38.41799927,33.51200104,37.53900146,37.53900146,36509000
2020-03-24 00:00:00-04:00,41.27600098,43.29899979,40.667099,43,43,35047000
2020-03-25 00:00:00-04:00,43.59400177,47.05699921,43.21099854,44.65999985,44.65999985,35632000
2020-03-26 00:00:00-04:00,45.43999863,47.04800034,43.52999878,44.74100113,44.74100113,30938000
2020-03-27 00:00:00-04:00,42.76100159,43.33599854,41.20199966,42.16199875,42.16199875,25693000
2020-03-30 00:00:00-04:00,42.34899902,43.48899841,41.2010994,43.0379982,43.0379982,15988000
2020-03-31 00:00:00-04:00,42.80799866,43.95899963,41.40000153,41.69300079,41.69300079,19501000
2020-04-01 00:00:00-04:00,40.29899979,40.59999847,38.15299988,38.46699905,38.46699905,22727000
2020-04-02 00:00:00-04:00,35,36.59400177,33.45500183,34.63000107,34.63000107,52055000
2020-04-03 00:00:00-04:00,35.8030014,36.37900162,34.5,35.76499939,35.76499939,26159000
2020-04-06 00:00:00-04:00,38,39.35699844,36.93000031,39.26499939,39.26499939,27666000
2020-04-07 00:00:00-04:00,40.89899826,40.89899826,37.40200043,37.85400009,37.85400009,32142000
2020-04-08 00:00:00-04:00,38.29999924,41.75699997,38.13100052,41.45100021,41.45100021,33532000
2020-04-09 00:00:00-04:00,42.25099945,43.90000153,41.29999924,41.77399826,41.77399826,29354000
2020-04-13 00:00:00-04:00,42.36999893,45.33509827,41.78099823,44.74499893,44.74499893,31202000
2020-04-14 00:00:00-04:00,46.70299911,50.14699936,46.13399887,49.60599899,49.60599899,37466000
2020-04-15 00:00:00-04:00,48.11199951,50.04399872,47.71099854,49.71699905,49.71699905,26843000
2020-04-16 00:00:00-04:00,50.84999847,52.9129982,50.20100021,52.64300156,52.64300156,37049000
2020-04-17 00:00:00-04:00,54.04999924,59.18299866,53.90000153,59.03900146,59.03900146,61417000
2020-04-20 00:00:00-04:00,58.5,64.49500275,58.40000153,62.99000168,62.99000168,68305000
2020-04-21 00:00:00-04:00,64.69999695,66.5739975,55.60100174,58.5,58.5,110507000
2020-04-22 00:00:00-04:00,61.59899902,63.5,60.31999969,62.65599823,62.65599823,50241000
2020-04-23 00:00:00-04:00,63.13000107,63.98400116,61.03900146,62.04899979,62.04899979,43839000
2020-04-24 00:00:00-04:00,62.40000153,65.1989975,60.56000137,64.31900024,64.31900024,54456000
2020-04-27 00:00:00-04:00,66.26000214,66.26000214,62.30400085,62.85800171,62.85800171,40300000
2020-04-28 00:00:00-04:00,63.40000153,63.97600174,61.00999832,63.36500168,63.36500168,36857000
2020-04-29 00:00:00-04:00,63.70000076,64.55500031,62.11299896,63.99900055,63.99900055,24039000
2020-04-30 00:00:00-04:00,62.5,64.59799957,62.29999924,63.22900009,63.22900009,24460000
2020-05-01 00:00:00-04:00,61.5,62.7859993,59.50299835,61.36399841,61.36399841,25212000
2020-05-04 00:00:00-04:00,62.06399918,65.88999939,61.70100021,65.88899994,65.88899994,27598000
2020-05-05 00:00:00-04:00,67,70.46900177,66.19999695,68.61100006,68.61100006,51437000
2020-05-06 00:00:00-04:00,67.28800201,73.9240036,66.90000153,73.35299683,73.35299683,69252000
2020-05-07 00:00:00-04:00,71.9940033,73.8710022,71.5,72.27600098,72.27600098,46034000
2020-05-08 00:00:00-04:00,70.55500031,72.09999847,70.30000305,70.89700317,70.89700317,40787000
2020-05-11 00:00:00-04:00,70.69599915,75.25,70.37799835,75.03399658,75.03399658,36738000
2020-05-12 00:00:00-04:00,76.90000153,77.09500122,73.39499664,74.22799683,74.22799683,36961000
2020-05-13 00:00:00-04:00,75,76.85900116,71.72899628,75.43800354,75.43800354,43696000
2020-05-14 00:00:00-04:00,74.98899841,75.80899811,73.30000305,75.42900085,75.42900085,28475000
2020-05-15 00:00:00-04:00,75.43000031,77.47899628,75.125,76.69999695,76.69999695,30235000
2020-05-18 00:00:00-04:00,77,77.07299805,73.30000305,73.80200195,73.80200195,36674000
2020-05-19 00:00:00-04:00,74.54199982,76.5,71.31900024,75.3010025,75.3010025,52644000
2020-05-20 00:00:00-04:00,76.80000305,77.80000305,75.1740036,77.80000305,77.80000305,32390000
2020-05-21 00:00:00-04:00,79.18599701,80.98699951,78.20700073,80.23500061,80.23500061,41365000
2020-05-22 00:00:00-04:00,80.46299744,82.63800049,79.36399841,82.51699829,82.51699829,27736000
2020-05-26 00:00:00-04:00,84.19999695,84.40000153,74.23699951,76.78900146,76.78900146,64651000
2020-05-27 00:00:00-04:00,75.50099945,75.69999695,68.5,75,75,68596000
2020-05-28 00:00:00-04:00,72.8010025,77.04000092,72.78250122,74.44300079,74.44300079,37530000
2020-05-29 00:00:00-04:00,75.61499786,76.93900299,73.80000305,75.77999878,75.77999878,33026000
2020-06-01 00:00:00-04:00,75.47200012,75.92500305,73.95200348,75.80000305,75.80000305,18433000
2020-06-02 00:00:00-04:00,76.44300079,78.43000031,74.40000153,77.94999695,77.94999695,26644000
2020-06-03 00:00:00-04:00,77.79299927,77.90799713,75.83789825,76.20200348,76.20200348,18920000
2020-06-04 00:00:00-04:00,76.39099884,77.72200012,72.60350037,73.51899719,73.51899719,27672000
2020-06-05 00:00:00-04:00,72.11000061,74.08599854,70.20200348,72.77700043,72.77700043,24773000
2020-06-08 00:00:00-04:00,71.5,73.11499786,70.8010025,73.06700134,73.06700134,18895000
2020-06-09 00:00:00-04:00,74.39099884,75.48000336,73.32499695,74.16999817,74.16999817,15170000
2020-06-10 00:00:00-04:00,75.69999695,75.84999847,73.25099945,74.36399841,74.36399841,14921000
2020-06-11 00:00:00-04:00,73.33399963,76.55200195,72.40000153,72.51200104,72.51200104,22880000
2020-06-12 00:00:00-04:00,73.93399811,74.5,71.32299805,74.25800323,74.25800323,21233000
2020-06-15 00:00:00-04:00,77.69999695,80.73899841,76.9865036,80.54699707,80.54699707,40607000
2020-06-16 00:00:00-04:00,80.90000153,81.6780014,78.75,80.5759964,80.5759964,26388000
2020-06-17 00:00:00-04:00,81.30000305,82.74939728,81.05899811,81.73600006,81.73600006,18431000
2020-06-18 00:00:00-04:00,83.25,86.97000122,83.05000305,86.35600281,86.35600281,30858000
2020-06-19 00:00:00-04:00,87.59999847,89.55599976,86.59999847,88.09999847,88.09999847,40203000
2020-06-22 00:00:00-04:00,89.51200104,90.98699951,89.21099854,90.48100281,90.48100281,23956000
2020-06-23 00:00:00-04:00,91.91899872,92.80000305,90.72599792,91.13400269,91.13400269,24304000
2020-06-24 00:00:00-04:00,91.00099945,92.40000153,86.80000305,89.69999695,89.69999695,34200000
2020-06-25 00:00:00-04:00,88.65599823,91.76000214,87.32450104,91.63200378,91.63200378,24192000
2020-06-26 00:00:00-04:00,91.59999847,92.70449829,89.40000153,91,91,27208000
2020-06-29 00:00:00-04:00,91.39900208,92.30000305,87.64299774,92.24199677,92.24199677,27405000
2020-06-30 00:00:00-04:00,92.55000305,95.87599945,92.19999695,94.91999817,94.91999817,27491000
2020-07-01 00:00:00-04:00,94.8010025,101.7890015,94.8010025,101.6640015,101.6640015,34483000
2020-07-02 00:00:00-04:00,103.4990005,105.9440002,102.1999969,102.9970016,102.9970016,34594000
2020-07-06 00:00:00-04:00,105.2490005,105.9000015,98.3647995,98.67700195,98.67700195,43507000
2020-07-07 00:00:00-04:00,98.5,104,97.30000305,101.3990021,101.3990021,32909000
2020-07-08 00:00:00-04:00,102.7259979,103.5301971,100.2545013,101.7300034,101.7300034,20572000
2020-07-09 00:00:00-04:00,102.5009995,105.2249985,101.2939987,104.0019989,104.0019989,28653000
2020-07-10 00:00:00-04:00,104.0019989,104.4850006,101.8130035,103.185997,103.185997,17084000
2020-07-13 00:00:00-04:00,104.3000031,107.4975967,93.51399994,96.875,96.875,39009000
2020-07-14 00:00:00-04:00,97,99.80000305,90.1740036,97.44100189,97.44100189,35915000
2020-07-15 00:00:00-04:00,97.40000153,98,93.40000153,95.94499969,95.94499969,23385000
2020-07-16 00:00:00-04:00,94.2009964,95.28209686,91.54000092,92.5490036,92.5490036,20861000
2020-07-17 00:00:00-04:00,93.22000122,94.09700012,90.60500336,92.81300354,92.81300354,20398000
2020-07-20 00:00:00-04:00,92.90000153,101.1809998,91.82099915,100.939003,100.939003,31615000
2020-07-21 00:00:00-04:00,102.2220001,102.4980011,94.82099915,95.28299713,95.28299713,30326000
2020-07-22 00:00:00-04:00,96.47299957,98.05699921,94,95.73300171,95.73300171,21821000
2020-07-23 00:00:00-04:00,96.68199921,97.99900055,91.11199951,92.84100342,92.84100342,30173000
2020-07-24 00:00:00-04:00,90.59999847,94.18399811,88.31800079,92.98100281,92.98100281,24188000
2020-07-27 00:00:00-04:00,94.75700378,97.7460022,93.51399994,97.63899994,97.63899994,26899000
2020-07-28 00:00:00-04:00,100.7089996,101.4905014,97.51699829,98.5,98.5,38474000
2020-07-29 00:00:00-04:00,110.737999,110.7919998,103.8000031,105.3590012,105.3590012,64923000
2020-07-30 00:00:00-04:00,104.8300018,106.2129974,100.300499,104.8840027,104.8840027,27839000
2020-07-31 00:00:00-04:00,106.5,106.7677002,101.2109985,102.4000015,102.4000015,23325000
2020-08-03 00:00:00-04:00,103.1999969,108.9250031,102.8960037,108.3050003,108.3050003,26466000
2020-08-04 00:00:00-04:00,107.401001,108.2878036,105.4000015,108,108,16184000
2020-08-05 00:00:00-04:00,107.8990021,110.5,107.0110016,109.4649963,109.4649963,15516000
2020-08-06 00:00:00-04:00,109.3300018,109.9710007,106.8757019,108.8130035,108.8130035,12872000
2020-08-07 00:00:00-04:00,108,109.2870026,103.0271988,105.3119965,105.3119965,16345000
2020-08-10 00:00:00-04:00,105.5,106.4000015,98.74099731,100.5559998,100.5559998,24052000
2020-08-11 00:00:00-04:00,99.95899963,101.5,96.47399902,97.1989975,97.1989975,22709000
2020-08-12 00:00:00-04:00,98.39299774,100.7860031,98,99.09999847,99.09999847,17039000
2020-08-13 00:00:00-04:00,100.5,102.3974991,98.69999695,99.98999786,99.98999786,14018000
2020-08-14 00:00:00-04:00,100.2300034,100.6999969,97.84999847,98.79000092,98.79000092,15991000
2020-08-17 00:00:00-04:00,99.90000153,101.9639969,99.55139923,101.2959976,101.2959976,12691000
2020-08-18 00:00:00-04:00,102.0999985,102.697998,99.31700134,102.4710007,102.4710007,12876000
2020-08-19 00:00:00-04:00,102.1989975,104.2959976,100.3000031,100.9110031,100.9110031,12322000
2020-08-20 00:00:00-04:00,100.4100037,104.3600006,99.91889954,103.961998,103.961998,13324000
2020-08-21 00:00:00-04:00,103.6019974,104.697998,101.5,102.1119995,102.1119995,12874000
2020-08-24 00:00:00-04:00,103.1999969,103.3831024,98.88800049,99.93199921,99.93199921,18207000
2020-08-25 00:00:00-04:00,99.09999847,103.8799973,99.09999847,103.7190018,103.7190018,16919000
2020-08-26 00:00:00-04:00,104.9000015,111.598999,104.6210022,108.9329987,108.9329987,28068000
2020-08-27 00:00:00-04:00,108.177002,108.9329987,104.9329987,105.3499985,105.3499985,15537000
2020-08-28 00:00:00-04:00,106.7050018,107.9020004,103.9449997,104.2060013,104.2060013,13375000
2020-08-31 00:00:00-04:00,104.8509979,107.3919983,103.5,106.6419983,106.6419983,11264000
2020-09-01 00:00:00-04:00,107.5,114.6910019,107.3939972,113.4319992,113.4319992,20827000
2020-09-02 00:00:00-04:00,114.1999969,114.5,106.25,107.4589996,107.4589996,27065000
2020-09-03 00:00:00-04:00,104.435997,105.8700027,99.38600159,101.5699997,101.5699997,29317000
2020-09-04 00:00:00-04:00,99.6190033,101.8980026,89.64800262,97.30200195,97.30200195,34701000
2020-09-08 00:00:00-04:00,92.09100342,95.40000153,90.63600159,91.73999786,91.73999786,21049000
2020-09-09 00:00:00-04:00,95.5,97,93.19999695,94.93099976,94.93099976,18105000
2020-09-10 00:00:00-04:00,97,97.5,92.54499817,93.41699982,93.41699982,17211000
2020-09-11 00:00:00-04:00,94.80000305,94.80000305,89.75,91.44999695,91.44999695,16423000
2020-09-14 00:00:00-04:00,92.77300262,94.68800354,91.91300201,93.18299866,93.18299866,16620000
2020-09-15 00:00:00-04:00,93.18299866,95.30000305,92.30000305,92.93900299,92.93900299,18332000
2020-09-16 00:00:00-04:00,93.80000305,93.90000153,88.45400238,88.51799774,88.51799774,36321000
2020-09-17 00:00:00-04:00,85.88600159,87.46600342,83.94000244,87.0759964,87.0759964,37588000
2020-09-18 00:00:00-04:00,88.39900208,90.83699799,86.68460083,90.13400269,90.13400269,24375000
2020-09-21 00:00:00-04:00,88.30599976,92.91100311,88.09999847,92.78900146,92.78900146,22292000
2020-09-22 00:00:00-04:00,94.03500366,95.68599701,90.47200012,95.42500305,95.42500305,24901000
2020-09-23 00:00:00-04:00,94.69799805,95.39700317,91.06999969,91.8809967,91.8809967,18302000
2020-09-24 00:00:00-04:00,90.95500183,92.69999695,89.41799927,90.86100006,90.86100006,16441000
2020-09-25 00:00:00-04:00,91.97100067,96.125,91.1190033,96.09200287,96.09200287,19808000
2020-09-28 00:00:00-04:00,97.00099945,98.37200165,95.09999847,96.65000153,96.65000153,18709000
2020-09-29 00:00:00-04:00,96.95800018,103,96.14029694,102.5699997,102.5699997,31176000
2020-09-30 00:00:00-04:00,103.7689972,104.3000031,101.4349976,102.2969971,102.2969971,19313000
2020-10-01 00:00:00-04:00,103.0630035,106.3410034,102.6149979,105.4430008,105.4430008,17544000
2020-10-02 00:00:00-04:00,102.0500031,105.4000015,101.7009964,102.8990021,102.8990021,13282000
2020-10-05 00:00:00-04:00,103.598999,106.5889969,101.4380035,106.5530014,106.5530014,15686000
2020-10-06 00:00:00-04:00,106.8000031,108.1999969,103.0009995,104.125,104.125,14524000
2020-10-07 00:00:00-04:00,105.9179993,107.794899,104.8160019,107.3430023,107.3430023,12525000
2020-10-08 00:00:00-04:00,108.1070023,108.677002,105.6230011,106.9209976,106.9209976,10788000
2020-10-09 00:00:00-04:00,107.2580032,109.8877029,107,109.5999985,109.5999985,11277000
2020-10-12 00:00:00-04:00,110.5130005,113,108.5299988,109,109,13238000
2020-10-13 00:00:00-04:00,109.598999,110.9886017,108.6364975,110.6589966,110.6589966,11218000
2020-10-14 00:00:00-04:00,111.0999985,111.4329987,106.6589966,108.211998,108.211998,11995000
2020-10-15 00:00:00-04:00,105.8000031,108.2750015,104.4029999,107.8300018,107.8300018,10577000
2020-10-16 00:00:00-04:00,108.6009979,110.3499985,106.3809967,106.7210007,106.7210007,10615000
2020-10-19 00:00:00-04:00,107.0780029,109.0199966,105.4810028,106.9000015,106.9000015,9751000
2020-10-20 00:00:00-04:00,106.8000031,107.8417969,104.6039963,105.6490021,105.6490021,8932000
2020-10-21 00:00:00-04:00,105.4940033,106.8960037,101.802002,102.2009964,102.2009964,9944000
2020-10-22 00:00:00-04:00,102.6750031,103.3915024,99.05000305,100.7070007,100.7070007,9814000
2020-10-23 00:00:00-04:00,100.1500015,102.6959991,99.6269989,102.6220016,102.6220016,10336000
2020-10-26 00:00:00-04:00,101.9000015,104.438797,100.8059998,103.8050003,103.8050003,14135000
2020-10-27 00:00:00-04:00,106.6930008,108.8000031,105.7416,108.2890015,108.2890015,16831000
2020-10-28 00:00:00-04:00,105.8190002,106.7089996,101.6829987,102.6709976,102.6709976,16774000
2020-10-29 00:00:00-04:00,105.2580032,105.4560013,97.5,97.69999695,97.69999695,34668000
2020-10-30 00:00:00-04:00,97.38999939,98.729599,90.62200165,92.54299927,92.54299927,26758000
2020-11-02 00:00:00-05:00,93.45700073,95.4285965,89.88819885,91.49900055,91.49900055,15234000
2020-11-03 00:00:00-05:00,92.30000305,95.29100037,91.05400085,94.17199707,94.17199707,11108000
2020-11-04 00:00:00-05:00,97.59999847,100.2669983,95.5,99.59999847,99.59999847,15923000
2020-11-05 00:00:00-05:00,102.6999969,103.8796997,100.3010025,103.6500015,103.6500015,12611000
2020-11-06 00:00:00-05:00,103.0999985,104.5080032,100.3078995,104.5,104.5,11536000
2020-11-09 00:00:00-05:00,99,99.17189789,90,90.26000214,90.26000214,39158000
2020-11-10 00:00:00-05:00,91.19999695,92.40000153,87.5,88.5759964,88.5759964,29365000
2020-11-11 00:00:00-05:00,90.40000153,94.81600189,89.86029816,94.71800232,94.71800232,17331000
2020-11-12 00:00:00-05:00,94.59999847,95.47899628,92.17299652,92.58000183,92.58000183,12230000
2020-11-13 00:00:00-05:00,93.45400238,93.69100189,90.84010315,91.83000183,91.83000183,8678000
2020-11-16 00:00:00-05:00,89.01100159,91.93900299,88,91.92199707,91.92199707,15217000
2020-11-17 00:00:00-05:00,92.5,92.98000336,90.51699829,91.40200043,91.40200043,7602000
2020-11-18 00:00:00-05:00,91.5,93.59999847,90.51499939,93.14299774,93.14299774,10000000
2020-11-19 00:00:00-05:00,94.59899902,98.15000153,93.72699738,96.67700195,96.67700195,18982000
2020-11-20 00:00:00-05:00,97.59999847,99.80000305,97.30000305,98.85099792,98.85099792,16837000
2020-11-23 00:00:00-05:00,98.84999847,98.96900177,96.31900024,98.00099945,98.00099945,12007000
2020-11-24 00:00:00-05:00,97.80000305,98.01000214,96.30000305,97.12400055,97.12400055,8597000
2020-11-25 00:00:00-05:00,97.64199829,102.1110001,97.5,101.9520035,101.9520035,15917000
2020-11-27 00:00:00-05:00,102.8239975,104.4000015,100.9260025,103.439003,103.439003,11854000
2020-11-30 00:00:00-05:00,104.5,109.4700012,103.5,109.038002,109.038002,26049000
2020-12-01 00:00:00-05:00,108.038002,108.7730026,105.0999985,106.9059982,106.9059982,17298000
2020-12-02 00:00:00-05:00,105.0999985,108.336998,103.6009979,107.9440002,107.9440002,12523000
2020-12-03 00:00:00-05:00,108.1999969,111.2406998,106.1299973,106.2679977,106.2679977,15156000
2020-12-04 00:00:00-05:00,106.8000031,107.927002,105.1110001,105.3889999,105.3889999,8527000
2020-12-07 00:00:00-05:00,105.8010025,108.8000031,105.6036987,108.4400024,108.4400024,9347000
2020-12-08 00:00:00-05:00,108.8970032,110.6999969,108.3000031,110.2089996,110.2089996,10871000
2020-12-09 00:00:00-05:00,110,110.2939987,102.8420029,103.8190002,103.8190002,14300000
2020-12-10 00:00:00-05:00,101.75,107.3000031,101.6999969,106.7369995,106.7369995,9805000
2020-12-11 00:00:00-05:00,106.4980011,107.5,103.8000031,105.7870026,105.7870026,7389000
2020-12-14 00:00:00-05:00,105,107.927002,103.9160004,105.9169998,105.9169998,11319000
2020-12-15 00:00:00-05:00,105.4189987,108.6210022,105.0660019,107.4100037,107.4100037,8042000
2020-12-16 00:00:00-05:00,107.2610016,116.4166031,107.1689987,115.7310028,115.7310028,30927000
2020-12-17 00:00:00-05:00,116.3000031,120.6894989,115.0430984,118,118,22951000
2020-12-18 00:00:00-05:00,118.1839981,118.4229965,116.1119995,117.0960007,117.0960007,11146000
2020-12-21 00:00:00-05:00,116.4980011,120.5189972,114.5,119.7259979,119.7259979,15173000
2020-12-22 00:00:00-05:00,120.3949966,128.5184937,120.0165024,127.7080002,127.7080002,24992000
2020-12-23 00:00:00-05:00,127.5,127.6220016,119.7399979,119.7959976,119.7959976,21284000
2020-12-24 00:00:00-05:00,121.5999985,123.8980026,120.9546967,122.552002,122.552002,9255000
2020-12-28 00:00:00-05:00,122.9860001,123.1539993,113.7220001,114.7060013,114.7060013,18963000
2020-12-29 00:00:00-05:00,116.8000031,120.0451965,114.6330032,117.1610031,117.1610031,14220000
2020-12-30 00:00:00-05:00,117.8130035,118.060997,114.2789993,116.3000031,116.3000031,7909000
2020-12-31 00:00:00-05:00,116.3460007,116.3460007,112.8249969,113.1949997,113.1949997,8184000
2021-01-04 00:00:00-05:00,113.7990036,114.2874985,107.7860031,109.2399979,109.2399979,16449000
2021-01-05 00:00:00-05:00,109.4369965,111.8740005,108.5589981,111.8740005,111.8740005,9055000
2021-01-06 00:00:00-05:00,109.75,110.9000015,107.6050034,108.7310028,108.7310028,12687000
2021-01-07 00:00:00-05:00,110.1999969,116.1709976,110.1999969,115.9530029,115.9530029,13765000
2021-01-08 00:00:00-05:00,117.1999969,119.4889984,115.1539993,118.8919983,118.8919983,13781000
2021-01-11 00:00:00-05:00,117.0500031,121.7689972,116,117.7639999,117.7639999,11108000
2021-01-12 00:00:00-05:00,118.8000031,120.5790024,116.5428009,118.8239975,118.8239975,9022000
2021-01-13 00:00:00-05:00,119.1999969,120.1969986,116.9499969,119.9820023,119.9820023,6938000
2021-01-14 00:00:00-05:00,122.8990021,123.0100021,117.0650024,117.8860016,117.8860016,11838000
2021-01-15 00:00:00-05:00,119.0159988,119.3000031,114.6999969,117.0469971,117.0469971,8933000
2021-01-19 00:00:00-05:00,118.6900024,119.0660019,115.0169983,117.3970032,117.3970032,7765000
2021-01-20 00:00:00-05:00,118.0709991,121.6320038,117.5345993,120.0979996,120.0979996,8119000
2021-01-21 00:00:00-05:00,121.4000015,121.625,118.0999985,119.8150024,119.8150024,7011000
2021-01-22 00:00:00-05:00,118.7519989,120.1610031,117.7155991,119.6699982,119.6699982,6247000
2021-01-25 00:00:00-05:00,120.6159973,124.7450027,116.5500031,120.5920029,120.5920029,14883000
2021-01-26 00:00:00-05:00,120.8170013,121.6138992,115.7440033,115.9769974,115.9769974,9855000
2021-01-27 00:00:00-05:00,114.9919968,114.9919968,108.0999985,109.2080002,109.2080002,16102000
2021-01-28 00:00:00-05:00,111.0240021,113.8659973,109.0569992,112.0569992,112.0569992,7744000
2021-01-29 00:00:00-05:00,112,112.4810028,108.0999985,109.8590012,109.8590012,10061000
2021-02-01 00:00:00-05:00,110.5999985,114.901001,109.9680023,114.4929962,114.4929962,10833000
2021-02-02 00:00:00-05:00,116.6460037,123.8270035,116.1230011,123.5350037,123.5350037,17418000
2021-02-03 00:00:00-05:00,123.5350037,124.5999985,119.5159988,122.4160004,122.4160004,11629000
2021-02-04 00:00:00-05:00,124.1269989,128.1649933,123.3423004,126.086998,126.086998,14237000
2021-02-05 00:00:00-05:00,126.1490021,129.6775055,125.2584991,128.7749939,128.7749939,10475000
2021-02-08 00:00:00-05:00,130.3860016,134.8255005,129.3009949,134.5090027,134.5090027,12466000
2021-02-09 00:00:00-05:00,136.5529938,145.348999,135.598999,143.298996,143.298996,21341000
2021-02-10 00:00:00-05:00,144.8009949,149.9750061,140.8150024,146.2420044,146.2420044,20917000
2021-02-11 00:00:00-05:00,147.5630035,148.1970062,143.8029938,146.3309937,146.3309937,9224000
2021-02-12 00:00:00-05:00,145.6999969,147.3000031,143.1390076,145.548996,145.548996,10125000
2021-02-16 00:00:00-05:00,146.8529968,149.2279968,142.8000031,147.3999939,147.3999939,15742000
2021-02-17 00:00:00-05:00,138.4160004,145.9620972,134.5,142.5,142.5,36524000
2021-02-18 00:00:00-05:00,139.3090057,141.5,137.5240021,138.4570007,138.4570007,12521000
2021-02-19 00:00:00-05:00,139.6959991,143.8639984,137.651001,143.5010071,143.5010071,13248000
2021-02-22 00:00:00-05:00,139.7779999,141.4799957,136.0558014,138.1300049,138.1300049,13880000
2021-02-23 00:00:00-05:00,126.9779968,132.2140045,120.5439987,130.0240021,130.0240021,34488000
2021-02-24 00:00:00-05:00,130.5339966,132,126.3529968,130.1150055,130.1150055,11156000
2021-02-25 00:00:00-05:00,130.1369934,132.1190033,122.6210022,124.5100021,124.5100021,18641000
2021-02-26 00:00:00-05:00,125.4680023,129.8000031,123.6999969,128.0970001,128.0970001,13237000
2021-03-01 00:00:00-05:00,131.5,133,128.1000061,130.9940033,130.9940033,12698000
2021-03-02 00:00:00-05:00,131.779007,131.779007,125.5,130.9060059,130.9060059,12761000
2021-03-03 00:00:00-05:00,128.8339996,129.9989929,121.8349991,122.0299988,122.0299988,11563000
2021-03-04 00:00:00-05:00,119.9919968,122.0299988,111.3610001,114.9440002,114.9440002,27452000
2021-03-05 00:00:00-05:00,115.4970016,115.4970016,102.1569977,113.1009979,113.1009979,39430000
2021-03-08 00:00:00-05:00,112.6039963,116.4000015,107.0820007,107.2429962,107.2429962,24598000
2021-03-09 00:00:00-05:00,112.3679962,114.7890015,110.151001,113.0739975,113.0739975,18584000
2021-03-10 00:00:00-05:00,116.9639969,116.9970016,107.9509964,108.7900009,108.7900009,20534000
2021-03-11 00:00:00-05:00,111.9499969,115.8150024,108.691597,114.223999,114.223999,16604000
2021-03-12 00:00:00-05:00,112.197998,114.626503,109.3031006,114.0630035,114.0630035,10884000
2021-03-15 00:00:00-04:00,113.723999,115.9140015,111,115.9000015,115.9000015,7090000
2021-03-16 00:00:00-04:00,118.3119965,119,112.4000015,114.3170013,114.3170013,10698000
2021-03-17 00:00:00-04:00,112.2279968,117.8649979,109.8000031,116.9169998,116.9169998,9168000
2021-03-18 00:00:00-04:00,114.5,114.8000031,110.6259995,111.7099991,111.7099991,10418000
2021-03-19 00:00:00-04:00,111.8980026,113.7360001,110.435997,112.0950012,112.0950012,8113000
2021-03-22 00:00:00-04:00,112.314003,116.0830002,112.038002,116,116,9041000
2021-03-23 00:00:00-04:00,116.5,116.8470001,114.2300034,116.1999969,116.1999969,8967000
2021-03-24 00:00:00-04:00,117.6809998,118.5,110.2350006,110.6009979,110.6009979,10708000
2021-03-25 00:00:00-04:00,109.0080032,110.3990021,105.125,106.1679993,106.1679993,17682000
2021-03-26 00:00:00-04:00,105.2600021,108.4980011,100.5139999,106.5210037,106.5210037,28402000
2021-03-29 00:00:00-04:00,105.3600006,107.5828018,102.8600006,103.9909973,103.9909973,10552000
2021-03-30 00:00:00-04:00,102.8460007,107.4187012,101.2799988,104.8679962,104.8679962,15133000
2021-03-31 00:00:00-04:00,106.8010025,111.9499969,106.5,110.6500015,110.6500015,13838000
2021-04-01 00:00:00-04:00,115,117.8980026,113.7020035,115.5410004,115.5410004,11602000
2021-04-05 00:00:00-04:00,117.5080032,117.7968979,113.5901031,114.5950012,114.5950012,7347000
2021-04-06 00:00:00-04:00,114.4000015,117.9700012,114.4000015,115.6139984,115.6139984,7102000
2021-04-07 00:00:00-04:00,115,117.498497,114.3789978,115.9469986,115.9469986,6646000
2021-04-08 00:00:00-04:00,118.2549973,122.4459991,117.9980011,122.2689972,122.2689972,15816000
2021-04-09 00:00:00-04:00,121.1999969,123.4499969,119.0159988,122.7300034,122.7300034,12388000
2021-04-12 00:00:00-04:00,122,122.5999985,118.7354965,120.1999969,120.1999969,10305000
2021-04-13 00:00:00-04:00,121.5049973,124.8209991,121.5049973,124.1539993,124.1539993,10923000
2021-04-14 00:00:00-04:00,124.8000031,125,117.6019974,117.9860001,117.9860001,13165000
2021-04-15 00:00:00-04:00,120,122.1969986,118.6999969,120.8339996,120.8339996,9545000
2021-04-16 00:00:00-04:00,121.0999985,121.9189987,118.7819977,120.7799988,120.7799988,7345000
2021-04-19 00:00:00-04:00,119.1999969,120.2340012,114.3150024,114.5780029,114.5780029,9309000
2021-04-20 00:00:00-04:00,113.8010025,115.8181992,110.7210007,112.3010025,112.3010025,8610000
2021-04-21 00:00:00-04:00,111.6090012,114.9813995,111.0049973,114.2060013,114.2060013,6237000
2021-04-22 00:00:00-04:00,115.7200012,115.7200012,109.1999969,109.6640015,109.6640015,10819000
2021-04-23 00:00:00-04:00,110.3850021,110.9602966,108.7259979,109.9029999,109.9029999,11936000
2021-04-26 00:00:00-04:00,111.1689987,116.5999985,110.7289963,116.5999985,116.5999985,14914000
2021-04-27 00:00:00-04:00,116.5999985,116.9100037,113.4429016,115.689003,115.689003,12861000
2021-04-28 00:00:00-04:00,121.6780014,130.1609955,119.2750015,128.8800049,128.8800049,39021000
2021-04-29 00:00:00-04:00,129.9499969,130,122.8130035,123.3069992,123.3069992,16526000
2021-04-30 00:00:00-04:00,121.5849991,122.7375031,117.5550003,118.2509995,118.2509995,15854000
2021-05-03 00:00:00-04:00,118.6729965,119.435997,111.9169998,112.2009964,112.2009964,13983000
2021-05-04 00:00:00-04:00,111.5,114.4000015,107.2040024,114.2939987,114.2939987,20933000
2021-05-05 00:00:00-04:00,115.0999985,115.7839966,110.9850006,112.0350037,112.0350037,12660000
2021-05-06 00:00:00-04:00,111.3010025,112.5800018,106.7160034,109.0930023,109.0930023,22406000
2021-05-07 00:00:00-04:00,111.8199997,112.858902,109.3050003,110.8600006,110.8600006,15599000
2021-05-10 00:00:00-04:00,109.9000015,110.2369995,106.0049973,108.0240021,108.0240021,13905000
2021-05-11 00:00:00-04:00,104,112.1589966,103.1750031,111.0199966,111.0199966,19243000
2021-05-12 00:00:00-04:00,108.2979965,110.5859985,105.5670013,108.3899994,108.3899994,13861000
2021-05-13 00:00:00-04:00,110.2300034,110.9000015,102.5074997,104.7770004,104.7770004,15549000
2021-05-14 00:00:00-04:00,106.7009964,108.8099976,104.4000015,108.5009995,108.5009995,10558000
2021-05-17 00:00:00-04:00,107.6520004,111.4629974,107.0100021,109.6389999,109.6389999,10860000
2021-05-18 00:00:00-04:00,110.5,115.2570038,109.1350021,113.3359985,113.3359985,19158000
2021-05-19 00:00:00-04:00,110.5999985,117.2590027,110.2009964,117.0390015,117.0390015,19420000
2021-05-20 00:00:00-04:00,118,122.4205017,117,121.4899979,121.4899979,15517000
2021-05-21 00:00:00-04:00,122.3990021,124.5999985,119.1999969,122.4120026,122.4120026,16825000
2021-05-24 00:00:00-04:00,122.4800034,127.8259964,121.5999985,126.1429977,126.1429977,13985000
2021-05-25 00:00:00-04:00,126.6999969,128.098999,123.1955032,124,124,14564000
2021-05-26 00:00:00-04:00,124.848999,126.8000031,123.1999969,123.8830032,123.8830032,11206000
2021-05-27 00:00:00-04:00,123.1920013,125.7220001,121.4595032,124.0839996,124.0839996,10401000
2021-05-28 00:00:00-04:00,124.8410034,127.1790009,124.1660004,124.2870026,124.2870026,8817000
2021-06-01 00:00:00-04:00,125.4169998,127.8929977,124.4589996,125.1559982,125.1559982,11748000
2021-06-02 00:00:00-04:00,125.8000031,126.5828018,121.8000031,122.9589996,122.9589996,9914000
2021-06-03 00:00:00-04:00,122.3010025,122.8215027,119.5500031,119.9000015,119.9000015,8098000
2021-06-04 00:00:00-04:00,120.9970016,122.4369965,120.223999,120.5739975,120.5739975,6260000
2021-06-07 00:00:00-04:00,120.9120026,123.1200027,118.25,123.0550003,123.0550003,6860000
2021-06-08 00:00:00-04:00,124.4000015,125.223999,121,123.0739975,123.0739975,7119000
2021-06-09 00:00:00-04:00,122.75,124.2789993,121.4988022,121.5559998,121.5559998,5163000
2021-06-10 00:00:00-04:00,121.5,123.7060013,119.8099976,123.1100006,123.1100006,9893000
2021-06-11 00:00:00-04:00,123.8239975,125,122.8000031,124.7020035,124.7020035,8850000
2021-06-14 00:00:00-04:00,124.6999969,131.0919952,124.5345993,130.6640015,130.6640015,14477000
2021-06-15 00:00:00-04:00,130.8999939,135,128.6000061,132.1080017,132.1080017,17222000
2021-06-16 00:00:00-04:00,132.4279938,137.6999969,131.8265076,136.6300049,136.6300049,23230000
2021-06-17 00:00:00-04:00,135.2310028,146.1000061,135.1000061,144.927002,144.927002,31473000
2021-06-18 00:00:00-04:00,143.5019989,148.5494995,143.4519958,146.6869965,146.6869965,25490000
2021-06-21 00:00:00-04:00,147.326004,155.2230072,145.25,148.022995,148.022995,32540000
2021-06-22 00:00:00-04:00,148,151.6360016,146.6970062,150.8439941,150.8439941,21680000
2021-06-23 00:00:00-04:00,151.0930023,153.4958038,149.4299927,150.0529938,150.0529938,13716000
2021-06-24 00:00:00-04:00,151.3390045,152.9799957,147.3659973,147.8990021,147.8990021,13401000
2021-06-25 00:00:00-04:00,148.9949951,148.9949951,142.9029999,147.3540039,147.3540039,18024000
2021-06-28 00:00:00-04:00,148.378006,152.3144989,147.8000031,149.4989929,149.4989929,12812000
2021-06-29 00:00:00-04:00,149.7140045,151.2969971,147.3249969,148.298996,148.298996,10581000
2021-06-30 00:00:00-04:00,147.8580017,149.1799011,145.404007,146.0980072,146.0980072,10441000
2021-07-01 00:00:00-04:00,146.0980072,146.9485016,144.1999969,145.8000031,145.8000031,7634000
2021-07-02 00:00:00-04:00,146.9980011,149.8000031,144.9019928,146.4750061,146.4750061,10431000
2021-07-06 00:00:00-04:00,146.8059998,154.1000061,146.7610016,153.8029938,153.8029938,19334000
2021-07-07 00:00:00-04:00,155.1009979,158.7740021,150.8370056,152.0220032,152.0220032,16647000
2021-07-08 00:00:00-04:00,147.5,149.9499969,145.2319946,146.3339996,146.3339996,16595000
2021-07-09 00:00:00-04:00,147.25,149.6920013,145.7879944,149.4989929,149.4989929,12576000
2021-07-12 00:00:00-04:00,150.2929993,153.0180054,147.6000061,149.473999,149.473999,11842000
2021-07-13 00:00:00-04:00,149.2590027,153.227005,149.0740051,151.6470032,151.6470032,11928000
2021-07-14 00:00:00-04:00,153.5,155,145.8999939,146.3000031,146.3000031,14591000
2021-07-15 00:00:00-04:00,147.6000061,148.1107025,142.0019989,144.1499939,144.1499939,11672000
2021-07-16 00:00:00-04:00,145.427002,146.3813934,142.6000061,144.2630005,144.2630005,9597000
2021-07-19 00:00:00-04:00,141.5160065,147.5370026,139.3009949,147.201004,147.201004,14301000
2021-07-20 00:00:00-04:00,147.7350006,153.352005,145.8161011,152.4779968,152.4779968,12863000
2021-07-21 00:00:00-04:00,151.7510071,156.9360046,151.5639954,156.9360046,156.9360046,13495000
2021-07-22 00:00:00-04:00,156.4259949,160.2570038,156.4259949,159.4089966,159.4089966,18516000
2021-07-23 00:00:00-04:00,160.8000031,165,159.5930023,164.3320007,164.3320007,14018000
2021-07-26 00:00:00-04:00,164.9230042,165,157.6710052,158.2279968,158.2279968,14330000
2021-07-27 00:00:00-04:00,158.2030029,160.2420044,151.3034973,155.5099945,155.5099945,17331000
2021-07-28 00:00:00-04:00,157.6999969,158.3150024,149.7024994,153.8000031,153.8000031,22118000
2021-07-29 00:00:00-04:00,152.8059998,156.0214996,151,152.5,152.5,17606000
2021-07-30 00:00:00-04:00,149.9949951,152.9869995,149.0200043,149.9929962,149.9929962,10310000
2021-08-02 00:00:00-04:00,150.3829956,155.5,149.3050995,153.8670044,153.8670044,14319000
2021-08-03 00:00:00-04:00,154.2140045,155.9750061,149.8999939,152.2559967,152.2559967,16119000
2021-08-04 00:00:00-04:00,152.4080048,155.8249969,151.701004,155.552002,155.552002,6691000
2021-08-05 00:00:00-04:00,155.3209991,157.6000061,153.3849945,154.5549927,154.5549927,8228000
2021-08-06 00:00:00-04:00,153.2910004,155.098999,150.1271973,152.5059967,152.5059967,6929000
2021-08-09 00:00:00-04:00,152.5800018,155.1990051,151.0079956,154.9989929,154.9989929,10938000
2021-08-10 00:00:00-04:00,155.6999969,158.3370056,151.4434967,152.5939941,152.5939941,12075000
2021-08-11 00:00:00-04:00,153.625,153.7434998,148.0800018,148.522995,148.522995,9219000
2021-08-12 00:00:00-04:00,148.253006,151.3999939,145.5939941,150.3200073,150.3200073,10821000
2021-08-13 00:00:00-04:00,150,150.4980011,147.5,149.8000031,149.8000031,6226000
2021-08-16 00:00:00-04:00,149.1459961,153.4600067,146.8710022,148.8999939,148.8999939,12804000
2021-08-17 00:00:00-04:00,148.5679932,149.3265076,145.8079987,148.1869965,148.1869965,11452000
2021-08-18 00:00:00-04:00,147.4579926,151.3999939,147.1199951,148.9179993,148.9179993,8204000
2021-08-19 00:00:00-04:00,147.201004,149.9550018,146.3110046,146.6109924,146.6109924,6250000
2021-08-20 00:00:00-04:00,147.7599945,148.5800018,143.75,145.0700073,145.0700073,7835000
2021-08-23 00:00:00-04:00,145.6210022,148.8150024,145.3079071,148.1410065,148.1410065,8694000
2021-08-24 00:00:00-04:00,151.0010071,156.1999969,151,153.8509979,153.8509979,13568000
2021-08-25 00:00:00-04:00,154.1450043,155.5970001,151.1600037,155.223999,155.223999,8031000
2021-08-26 00:00:00-04:00,154.8990021,155.6900024,151.4190063,151.5579987,151.5579987,6271000
2021-08-27 00:00:00-04:00,151.6999969,153.8990021,151.1139984,153.1419983,153.1419983,5210000
2021-08-30 00:00:00-04:00,154.0939941,156,152.8009949,154.8999939,154.8999939,6600000
2021-08-31 00:00:00-04:00,155.4230042,155.4230042,152.1289978,152.4779968,152.4779968,5201000
2021-09-01 00:00:00-04:00,152.7649994,155.223999,152.3280029,153.9029999,153.9029999,5750000
2021-09-02 00:00:00-04:00,154.2400055,158.8000031,153.8401947,154.2599945,154.2599945,9417000
2021-09-03 00:00:00-04:00,154.5,156.8029938,154.1000061,155.4250031,155.4250031,6015000
2021-09-07 00:00:00-04:00,155.473999,156.3766022,152.6894989,153.6699982,153.6699982,6118000
2021-09-08 00:00:00-04:00,153.6999969,153.7940063,147.5749969,147.7810059,147.7810059,10681000
2021-09-09 00:00:00-04:00,149.1000061,151.9309998,148.5930023,150.4080048,150.4080048,6623000
2021-09-10 00:00:00-04:00,151.5,151.7709961,147.9499969,148.4100037,148.4100037,5024000
2021-09-13 00:00:00-04:00,149.1999969,149.5390015,143.2359924,147.6869965,147.6869965,9754000
2021-09-14 00:00:00-04:00,147.5410004,149.1439972,144.3000031,145.128006,145.128006,7795000
2021-09-15 00:00:00-04:00,145.5,147.7640076,143.3110046,147.4940033,147.4940033,6501000
2021-09-16 00:00:00-04:00,146.8999939,147.9299927,145.1000061,147.5970001,147.5970001,7566000
2021-09-17 00:00:00-04:00,146.6660004,148.7460022,145.2210999,148.6289978,148.6289978,5468000
2021-09-20 00:00:00-04:00,144.003006,146.4803009,140.1119995,143.4530029,143.4530029,12677000
2021-09-21 00:00:00-04:00,144.5,144.8670044,142.3439941,143.7149963,143.7149963,7709000
2021-09-22 00:00:00-04:00,144.5,147.4730072,142.904007,146.5899963,146.5899963,5932000
2021-09-23 00:00:00-04:00,147.3999939,148.4960022,145.6000061,147.6600037,147.6600037,6196000
2021-09-24 00:00:00-04:00,147.3439941,147.5950012,142.8000031,144.3999939,144.3999939,8684000
2021-09-27 00:00:00-04:00,143.6000061,145.1699982,141.4259949,144.3809967,144.3809967,7652000
2021-09-28 00:00:00-04:00,142,142.5549927,135.8999939,136.9309998,136.9309998,13280000
2021-09-29 00:00:00-04:00,138.1000061,139.298996,134.1139984,134.6549988,134.6549988,10059000
2021-09-30 00:00:00-04:00,134.6950073,137.6990051,134.6950073,135.5780029,135.5780029,7658000
2021-10-01 00:00:00-04:00,136.2460022,136.9830017,133.9250031,135.076004,135.076004,7294000
2021-10-04 00:00:00-04:00,132.6320038,133.8999939,128.5899963,131.4900055,131.4900055,11739000
2021-10-05 00:00:00-04:00,131.2460022,135.6000061,131.2460022,131.8079987,131.8079987,7878000
2021-10-06 00:00:00-04:00,131.1719971,135.8999939,130.5370026,134.9880066,134.9880066,8602000
2021-10-07 00:00:00-04:00,137.298996,140.6459961,136.5169983,139.8500061,139.8500061,11086000
2021-10-08 00:00:00-04:00,141.7779999,142.8999939,137.2357025,137.8029938,137.8029938,8904000
2021-10-11 00:00:00-04:00,136.8999939,138.548996,135.3000031,135.701004,135.701004,6229000
2021-10-12 00:00:00-04:00,136.9940033,137.8990021,135.1000061,135.7220001,135.7220001,5998000
2021-10-13 00:00:00-04:00,137.6999969,139.951004,136.8679962,139.8970032,139.8970032,6402000
2021-10-14 00:00:00-04:00,141.3150024,142.6999969,140.1708069,140.6750031,140.6750031,6224000
2021-10-15 00:00:00-04:00,141.4810028,142.9869995,139.7050018,142.4579926,142.4579926,7320000
2021-10-18 00:00:00-04:00,142.503006,146.602005,141.8000031,146.5110016,146.5110016,8406000
2021-10-19 00:00:00-04:00,147.9850006,150.197998,147,148.5740051,148.5740051,7261000
2021-10-20 00:00:00-04:00,149.7949982,150.2315979,146.2019958,148.746994,148.746994,7125000
2021-10-21 00:00:00-04:00,147.2200012,150.6719971,147.2200012,149.6710052,149.6710052,6267000
2021-10-22 00:00:00-04:00,147,147.2949982,140.447998,142.5850067,142.5850067,15291000
2021-10-25 00:00:00-04:00,142.8880005,143.8999939,139.5010071,142.5160065,142.5160065,8001000
2021-10-26 00:00:00-04:00,142.8000031,143.0149994,135.7709961,136.3699951,136.3699951,12910000
2021-10-27 00:00:00-04:00,136.3999939,137.9167023,133.6109924,136.1119995,136.1119995,14520000
2021-10-28 00:00:00-04:00,135.0039978,150.470993,132.8540039,145.6999969,145.6999969,37595000
2021-10-29 00:00:00-04:00,143.5,148.8170013,141.9819946,146.6730042,146.6730042,12632000
2021-11-01 00:00:00-04:00,146.5099945,153.1759949,146,152.7619934,152.7619934,15488000
2021-11-02 00:00:00-04:00,152.3000031,153.4019928,147.102005,147.6640015,147.6640015,9064000
2021-11-03 00:00:00-04:00,149.5330048,149.7180023,145.2050018,149.5339966,149.5339966,7089000
2021-11-04 00:00:00-04:00,151.529007,154.9210052,149.5500031,154.0559998,154.0559998,9932000
2021-11-05 00:00:00-04:00,153.5,154.9998932,151.0180054,152.8059998,152.8059998,6538000
2021-11-08 00:00:00-05:00,154,156.4329987,152.2001038,153.3769989,153.3769989,7644000
2021-11-09 00:00:00-05:00,154.6000061,156.3050995,151.9810028,155.4850006,155.4850006,5945000
2021-11-10 00:00:00-05:00,153.7400055,154.4869995,147,147.3999939,147.3999939,6922000
2021-11-11 00:00:00-05:00,150.0500031,151.1999969,149,149.0339966,149.0339966,5458000
2021-11-12 00:00:00-05:00,152.0970001,167.4785004,151.0010071,166.9519958,166.9519958,28396000
2021-11-15 00:00:00-05:00,165.3399963,170.4389954,163.2510071,165.6499939,165.6499939,14730000
2021-11-16 00:00:00-05:00,163,171.451004,162.8509979,167.5319977,167.5319977,9160000
2021-11-17 00:00:00-05:00,165.8099976,167.6788025,163.5652008,163.7810059,163.7810059,6078000
2021-11-18 00:00:00-05:00,164.6000061,169.7550049,163.720993,168.1300049,168.1300049,9685000
2021-11-19 00:00:00-05:00,171.8000031,176.2917938,168.5095062,169.0599976,169.0599976,15061000
2021-11-22 00:00:00-05:00,170.1009979,170.3500061,158.052002,159.5010071,159.5010071,13559000
2021-11-23 00:00:00-05:00,158.8009949,161.3639984,153.2120056,157.3059998,157.3059998,10588000
2021-11-24 00:00:00-05:00,155.5410004,164.2019958,154.1239929,162.8699951,162.8699951,9714000
2021-11-26 00:00:00-05:00,165,166.1269989,157.6230011,157.6699982,157.6699982,7558000
2021-11-29 00:00:00-05:00,157.7319946,158.3470001,152.470993,156.7019958,156.7019958,11188000
2021-11-30 00:00:00-05:00,160.0500031,162.9938049,151.6640015,152.1790009,152.1790009,16144000
2021-12-01 00:00:00-05:00,154.6600037,155.8000031,145.7980042,145.970993,145.970993,14490000
2021-12-02 00:00:00-05:00,145.7489929,148.4830017,143.1000061,144.7149963,144.7149963,11223000
2021-12-03 00:00:00-05:00,146.5980072,146.7545013,135.7030029,141,141,14152000
2021-12-06 00:00:00-05:00,137.3119965,143.0859985,134,142.8119965,142.8119965,12083000
2021-12-07 00:00:00-05:00,147.1410065,153.598999,146.6620941,152.0509949,152.0509949,14649000
2021-12-08 00:00:00-05:00,150.8600006,153.4940033,149.1999969,152.029007,152.029007,7767000
2021-12-09 00:00:00-05:00,151.5,153.397995,148.2120056,149.4949951,149.4949951,7961000
2021-12-10 00:00:00-05:00,150.848999,153.1499939,144.205307,146.1580048,146.1580048,7941000
2021-12-13 00:00:00-05:00,144.7599945,147.0390015,137.1009979,139.7149963,139.7149963,12730000
2021-12-14 00:00:00-05:00,136.8000031,140.2550049,132.8999939,135.4279938,135.4279938,12079000
2021-12-15 00:00:00-05:00,135.1999969,137.6419983,128.8939972,136.8079987,136.8079987,15768000
2021-12-16 00:00:00-05:00,142.8000031,142.8000031,129.7915039,132.6880035,132.6880035,14065000
2021-12-17 00:00:00-05:00,130.5370026,135.2070007,128.0010071,132.3399963,132.3399963,12093000
2021-12-20 00:00:00-05:00,130.7400055,132,127.1889038,128.2169952,128.2169952,10738000
2021-12-21 00:00:00-05:00,131.2519989,137.1289978,130.4705048,137.0110016,137.0110016,12592000
2021-12-22 00:00:00-05:00,135.9490051,139.2350006,135.1360016,138.5630035,138.5630035,8331000
2021-12-23 00:00:00-05:00,139,144.3609924,138.0829926,143.9329987,143.9329987,10960000
2021-12-27 00:00:00-05:00,144.3609924,145.6999969,139.6150055,140.0590057,140.0590057,7207000
2021-12-28 00:00:00-05:00,140.8179932,141.4989929,136.4170074,137.5619965,137.5619965,5830000
2021-12-29 00:00:00-05:00,136.8990021,140.0789032,135.1369934,139.2079926,139.2079926,6410000
2021-12-30 00:00:00-05:00,138.8090057,143.2879944,138.8090057,139.8240051,139.8240051,5688000
2021-12-31 00:00:00-05:00,139.9909973,140.3652039,137.7039948,137.7389984,137.7389984,4713000
2022-01-03 00:00:00-05:00,139.1900024,139.3670044,133.4185028,136.3139954,136.3139954,7156000
2022-01-04 00:00:00-05:00,135.6499939,137,121.1244965,122.185997,122.185997,29443000
2022-01-05 00:00:00-05:00,121.3499985,122.8789978,117.375,119.0009995,119.0009995,21152000
2022-01-06 00:00:00-05:00,117.2440033,119.776001,113.8580017,116.8929977,116.8929977,18043000
2022-01-07 00:00:00-05:00,116.9000015,118.2369995,112.1399994,114.447998,114.447998,12887000
2022-01-10 00:00:00-05:00,111.7009964,113.322998,106.4020004,113.1169968,113.1169968,21126000
2022-01-11 00:00:00-05:00,109.6999969,116.5979996,108.6009979,115.7310028,115.7310028,12626000
2022-01-12 00:00:00-05:00,118.5159988,119.1200027,115.6999969,116.8759995,116.8759995,11329000
2022-01-13 00:00:00-05:00,117,117.8050003,106.1500015,106.435997,106.435997,22801000
2022-01-14 00:00:00-05:00,105.3000031,111.197998,104.8600998,110.2910004,110.2910004,22203000
2022-01-18 00:00:00-05:00,108.7210007,108.8339996,102.9059982,105.4660034,105.4660034,21871000
2022-01-19 00:00:00-05:00,106.8209991,112.2490005,103.024498,103.0950012,103.0950012,19601000
2022-01-20 00:00:00-05:00,104.9970016,108.4440002,102.2669983,102.3949966,102.3949966,14176000
2022-01-21 00:00:00-05:00,100.4690018,101.3639984,86.875,88.21199799,88.21199799,53351000
2022-01-24 00:00:00-05:00,83.40000153,96.39900208,78,93.84899902,93.84899902,77556000
2022-01-25 00:00:00-05:00,91,93.89900208,84.09999847,89.23899841,89.23899841,46759000
2022-01-26 00:00:00-05:00,93.7009964,95,85.23000336,86.89199829,86.89199829,33160000
2022-01-27 00:00:00-05:00,90.46900177,90.66500092,81.31199646,81.5759964,81.5759964,21541000
2022-01-28 00:00:00-05:00,82.50299835,87.43399811,79.25150299,87.22299957,87.22299957,26570000
2022-01-31 00:00:00-05:00,88.19000244,96.82099915,87.5,96.4240036,96.4240036,25004000
2022-02-01 00:00:00-05:00,98.43000031,98.84999847,93.78510284,98.41999817,98.41999817,17521000
2022-02-02 00:00:00-05:00,98.34999847,98.51100159,86.49299622,88.58799744,88.58799744,31831000
2022-02-03 00:00:00-05:00,83,85.74220276,80.59999847,80.94400024,80.94400024,30260000
2022-02-04 00:00:00-05:00,83,89.2621994,81.08650208,87.59999847,87.59999847,29425000
2022-02-07 00:00:00-05:00,88.15599823,90.80000305,85.54889679,86.68900299,86.68900299,16540000
2022-02-08 00:00:00-05:00,85.90000153,88.05000305,85.19999695,87.80000305,87.80000305,11550000
2022-02-09 00:00:00-05:00,90.51899719,92.56300354,88.40100098,92.49700165,92.49700165,14855000
2022-02-10 00:00:00-05:00,90,93.2539978,88.5,89.33399963,89.33399963,19135000
2022-02-11 00:00:00-05:00,89.21499634,90.59899902,83.50099945,85.40000153,85.40000153,13525000
2022-02-14 00:00:00-05:00,84.63700104,87.11299896,83.5510025,84.74500275,84.74500275,15799000
2022-02-15 00:00:00-05:00,86.44300079,89.13480377,84.31400299,88.94999695,88.94999695,17269000
2022-02-16 00:00:00-05:00,79.98500061,80,72,74.68499756,74.68499756,99250000
2022-02-17 00:00:00-05:00,72.71199799,73.22399902,65.5,66,66,70505000
2022-02-18 00:00:00-05:00,66.27799988,68.34799957,64.04199982,65.68800354,65.68800354,39739000
2022-02-22 00:00:00-05:00,63.20299911,66.1989975,62.42699814,62.61600113,62.61600113,31565000
2022-02-23 00:00:00-05:00,63.47999954,65.98999786,62.5019989,62.6609993,62.6609993,24329000
2022-02-24 00:00:00-05:00,58.50299835,66.8789978,58.50299835,66.39800262,66.39800262,35520000
2022-02-25 00:00:00-05:00,67.72799683,68.46499634,64.29599762,67.69499969,67.69499969,22754000
2022-02-28 00:00:00-05:00,68.97599792,70.40699768,66.74900055,69.4260025,69.4260025,17032000
2022-03-01 00:00:00-05:00,68.89499664,71.11750031,67.06099701,67.34400177,67.34400177,16118000
2022-03-02 00:00:00-05:00,67.13500214,67.79799652,63.54100037,65.98300171,65.98300171,22121000
2022-03-03 00:00:00-05:00,66.49099731,66.62599945,63.22000122,64.07499695,64.07499695,15530000
2022-03-04 00:00:00-05:00,64.09799957,65.09400177,59.15100098,60.08399963,60.08399963,28135000
2022-03-07 00:00:00-05:00,59.90000153,60.60699844,55.73669815,56.08000183,56.08000183,27626000
2022-03-08 00:00:00-05:00,55.25600052,55.49900055,51.11999893,51.49499893,51.49499893,52423000
2022-03-09 00:00:00-05:00,54.49900055,59.49000168,53.4070015,58.76499939,58.76499939,39836000
2022-03-10 00:00:00-05:00,56.72000122,57.19800186,54.52500153,55.31800079,55.31800079,29826000
2022-03-11 00:00:00-05:00,56.89799881,58.05400085,54.22399902,54.43700027,54.43700027,27361000
2022-03-14 00:00:00-04:00,54.14099884,55.32249832,51.0019989,51.25500107,51.25500107,24949000
2022-03-15 00:00:00-04:00,51.85800171,56.29999924,51.36500168,55.3429985,55.3429985,26554000
2022-03-16 00:00:00-04:00,57.45800018,62.38600159,56.70000076,62.23799896,62.23799896,31596000
2022-03-17 00:00:00-04:00,61.22200012,65.77799988,60.46099854,65.73799896,65.73799896,30356000
2022-03-18 00:00:00-04:00,64.98799896,78,64.73000336,78,78,46309000
2022-03-21 00:00:00-04:00,69.90000153,71.30500031,65.3030014,68.34500122,68.34500122,66699000
2022-03-22 00:00:00-04:00,68.91699982,73.37799835,67.09500122,72.7009964,72.7009964,44498000
2022-03-23 00:00:00-04:00,71.5,73.9489975,69.5,70.35900116,70.35900116,33973000
2022-03-24 00:00:00-04:00,71.03199768,71.18099976,68.03720093,70.5,70.5,24119000
2022-03-25 00:00:00-04:00,70.5,70.68499756,66.59999847,67.95300293,67.95300293,22331000
2022-03-28 00:00:00-04:00,68.49700165,71.66000366,67.06600189,70.16000366,70.16000366,24524000
2022-03-29 00:00:00-04:00,71.68299866,75.87799835,70.2440033,74.39800262,74.39800262,29475000
2022-03-30 00:00:00-04:00,72.5719986,73.77999878,69.19999695,70.55999756,70.55999756,31929000
2022-03-31 00:00:00-04:00,70.85099792,70.86399841,67.52300262,67.59600067,67.59600067,22227000
2022-04-01 00:00:00-04:00,68.7559967,71.68769836,67.85099792,69.30000305,69.30000305,29412000
2022-04-04 00:00:00-04:00,69.63899994,73.08899689,69.19999695,72.72899628,72.72899628,19590000
2022-04-05 00:00:00-04:00,72.90000153,74.13400269,69.2009964,70.29199982,70.29199982,23784000
2022-04-06 00:00:00-04:00,68.46299744,68.54399872,63.84400177,65.65799713,65.65799713,33372000
2022-04-07 00:00:00-04:00,65.59999847,66.90499878,62.04499817,64.39700317,64.39700317,29001000
2022-04-08 00:00:00-04:00,63.93000031,64.17299652,60.00600052,60.31800079,60.31800079,41833000
2022-04-11 00:00:00-04:00,61.45100021,62.89799881,59.36800003,61.73799896,61.73799896,39027000
2022-04-12 00:00:00-04:00,62.75600052,64.43699646,59.02399826,59.10599899,59.10599899,36801000
2022-04-13 00:00:00-04:00,59.09700012,62.20000076,57.89500046,60.47800064,60.47800064,28847000
2022-04-14 00:00:00-04:00,60.24100113,60.70000076,57.90100098,57.95100021,57.95100021,22825000
2022-04-18 00:00:00-04:00,57.5,58.68909836,55.59999847,58.09999847,58.09999847,23199000
2022-04-19 00:00:00-04:00,57.75,61.40000153,57.59999847,60.56299973,60.56299973,21425000
2022-04-20 00:00:00-04:00,59.29800034,59.40000153,52.5,52.5,52.5,51187000
2022-04-21 00:00:00-04:00,53.50099945,53.7745018,47.25740051,48.09999847,48.09999847,59355000
2022-04-22 00:00:00-04:00,48,49.27099991,45.40299988,45.99700165,45.99700165,44860000
2022-04-25 00:00:00-04:00,46.19800186,47.58499908,45.3390007,45.92100143,45.92100143,40069000
2022-04-26 00:00:00-04:00,45.50600052,45.85300064,42.79999924,42.80899811,42.80899811,37412000
2022-04-27 00:00:00-04:00,42.39899826,43.99700165,41.33200073,41.61999893,41.61999893,31913000
2022-04-28 00:00:00-04:00,42.88100052,45.21300125,41.11700058,44.32799911,44.32799911,41856000
2022-04-29 00:00:00-04:00,42.20000076,46.33800125,42.14899826,42.68199921,42.68199921,39769000
2022-05-02 00:00:00-04:00,42.11500168,45.41400146,42.11500168,45.29800034,45.29800034,33719000
2022-05-03 00:00:00-04:00,45.17499924,47.53499985,44.94499969,46.52000046,46.52000046,37363000
2022-05-04 00:00:00-04:00,45.76599884,48.79899979,43.90999985,48.54899979,48.54899979,44708000
2022-05-05 00:00:00-04:00,40.76399994,42.48799896,39.58599854,41.30899811,41.30899811,113608000
2022-05-06 00:00:00-04:00,40.10599899,40.14899826,35.51300049,37.74900055,37.74900055,102696000
2022-05-09 00:00:00-04:00,36.20000076,37.17100143,33.72900009,34.00400162,34.00400162,64127000
2022-05-10 00:00:00-04:00,35.49000168,36.61000061,31.79999924,33.53900146,33.53900146,60862000
2022-05-11 00:00:00-04:00,33.19400024,34.59999847,31.52499962,31.85899925,31.85899925,63287000
2022-05-12 00:00:00-04:00,31.36100006,38.5,30.80599976,35.35100174,35.35100174,94274000
2022-05-13 00:00:00-04:00,37.2179985,40.86299896,37.2179985,40.2480011,40.2480011,61514000
2022-05-16 00:00:00-04:00,39.77600098,39.82400131,35.69499969,35.99499893,35.99499893,54134000
2022-05-17 00:00:00-04:00,37.4007988,38.49700165,34.63819885,37.26399994,37.26399994,47196000
2022-05-18 00:00:00-04:00,36.30599976,37.97299957,35.5019989,36.06200027,36.06200027,42404000
2022-05-19 00:00:00-04:00,36.2159996,41.36999893,36.04999924,39.13299942,39.13299942,76018000
2022-05-20 00:00:00-04:00,40.06900024,40.39899826,34.00099945,36.38499832,36.38499832,56643000
2022-05-23 00:00:00-04:00,36.20100021,36.87900162,34.20000076,36.84899902,36.84899902,40429000
2022-05-24 00:00:00-04:00,35.64099884,35.64099884,31.89999962,32.48400116,32.48400116,44375000
2022-05-25 00:00:00-04:00,32.94800186,33.67499924,31.79999924,33.31100082,33.31100082,37994000
2022-05-26 00:00:00-04:00,32.97299957,35.71269989,32.53499985,35.13199997,35.13199997,30734000
2022-05-27 00:00:00-04:00,35.67699814,37.18149948,35.56349945,36.90399933,36.90399933,31135000
2022-05-31 00:00:00-04:00,37.44100189,38.74000168,36.22000122,37.51200104,37.51200104,36062000
2022-06-01 00:00:00-04:00,37.9640007,39.29399872,35.18799973,36.15299988,36.15299988,38709000
2022-06-02 00:00:00-04:00,36.24700165,40.09999847,36.20100021,39.88700104,39.88700104,40150000
2022-06-03 00:00:00-04:00,37.99000168,38.55039978,34.82699966,35.36600113,35.36600113,50216000
2022-06-06 00:00:00-04:00,36.70000076,37.45600128,35.45299911,36.06200027,36.06200027,37865000
2022-06-07 00:00:00-04:00,35.4109993,38.13199997,35,38.07400131,38.07400131,47707000
2022-06-08 00:00:00-04:00,38.09999847,39.60499954,37.70899963,39.14699936,39.14699936,35180000
2022-06-09 00:00:00-04:00,38.52099991,39.7519989,37.10499954,37.13899994,37.13899994,33993000
2022-06-10 00:00:00-04:00,35.5,36.28099823,33.93099976,34.8429985,34.8429985,40240000
2022-06-13 00:00:00-04:00,33.14199829,34.01399994,31.16399956,31.29400063,31.29400063,40666000
2022-06-14 00:00:00-04:00,31.6609993,32.07699966,29.76409912,30.35400009,30.35400009,38194000
2022-06-15 00:00:00-04:00,30.56999969,33.09749985,30.47979927,32.60300064,32.60300064,47767000
2022-06-16 00:00:00-04:00,31.4810009,31.93099976,29.95700073,30.52300072,30.52300072,40943000
2022-06-17 00:00:00-04:00,30.69000053,32.58599854,30.63100052,31.68899918,31.68899918,37008000
2022-06-21 00:00:00-04:00,32.40000153,33.68199921,32.1609993,32.82500076,32.82500076,31601000
2022-06-22 00:00:00-04:00,32.43799973,34.82500076,32.25299835,33.85400009,33.85400009,34586000
2022-06-23 00:00:00-04:00,33.84999847,36.52700043,33.21300125,36.38299942,36.38299942,43753000
2022-06-24 00:00:00-04:00,36.45100021,38.78969955,36.38299942,38.52299881,38.52299881,46653000
2022-06-27 00:00:00-04:00,39.2480011,39.5,35.82899857,37.32099915,37.32099915,58165000
2022-06-28 00:00:00-04:00,37.13199997,38.04899979,34.65599823,35.02600098,35.02600098,44122000
2022-06-29 00:00:00-04:00,34.40000153,34.97999954,32.47000122,33.04999924,33.04999924,30879400
2022-06-30 00:00:00-04:00,32.65000153,33.34000015,30.86000061,31.23999977,31.23999977,26019600
2022-07-01 00:00:00-04:00,32.08000183,33.06000137,30.70000076,31.40999985,31.40999985,20371600
2022-07-05 00:00:00-04:00,30.84000015,34.27999878,29.71999931,34,34,29111300
2022-07-06 00:00:00-04:00,34.13999939,35.31000137,32.75,33.04000092,33.04000092,25782300
2022-07-07 00:00:00-04:00,32.84000015,35.47999954,32.29999924,35.33000183,35.33000183,23042300
2022-07-08 00:00:00-04:00,34.25,36.75,34.09999847,35.56999969,35.56999969,22067200
2022-07-11 00:00:00-04:00,34.75999832,35.09999847,32.04000092,32.31999969,32.31999969,22534000
2022-07-12 00:00:00-04:00,32.56999969,33.47999954,31.70000076,32.38000107,32.38000107,21445000
2022-07-13 00:00:00-04:00,31.35000038,33.20999908,30.28000069,32.15000153,32.15000153,26325800
2022-07-14 00:00:00-04:00,31.84000015,32.25,30.37999916,30.67000008,30.67000008,24247400
2022-07-15 00:00:00-04:00,31.29000092,31.84000015,30.02000046,31.27000046,31.27000046,22398700
2022-07-18 00:00:00-04:00,31.92000008,34.20000076,31.82999992,32.54000092,32.54000092,28950700
2022-07-19 00:00:00-04:00,34.02000046,34.38000107,32.04000092,34.36999893,34.36999893,27254900
2022-07-20 00:00:00-04:00,34.18999863,38.84000015,33.95000076,38.49000168,38.49000168,42330800
2022-07-21 00:00:00-04:00,37.97000122,40.68000031,37.84999847,40.40000153,40.40000153,39578500
2022-07-22 00:00:00-04:00,39.40000153,39.85900116,36.76499939,37.34999847,37.34999847,28254400
2022-07-25 00:00:00-04:00,37.04999924,37.43000031,35.70999908,36.70999908,36.70999908,19770500
2022-07-26 00:00:00-04:00,31.80999947,31.95000076,30.54999924,31.54999924,31.54999924,65071900
2022-07-27 00:00:00-04:00,31.45999908,35.47999954,31.30999947,35.24000168,35.24000168,79941500
2022-07-28 00:00:00-04:00,34.70000076,36.15999985,33.59999847,35.90999985,35.90999985,33198400
2022-07-29 00:00:00-04:00,35.20999908,36.64899826,33.75,34.83000183,34.83000183,31716800
2022-08-01 00:00:00-04:00,34.90000153,37.41999817,34.04999924,36.43999863,36.43999863,26421500
2022-08-02 00:00:00-04:00,35.70000076,38.97999954,35.54999924,37.74000168,37.74000168,29707000
2022-08-03 00:00:00-04:00,38.29999924,42.15000153,38.29999924,41.93000031,41.93000031,38072800
2022-08-04 00:00:00-04:00,41.95000076,42.59000015,40.17499924,41.02000046,41.02000046,31569700
2022-08-05 00:00:00-04:00,39.27000046,42.54999924,39.04000092,40.81000137,40.81000137,28771500
2022-08-08 00:00:00-04:00,41.40999985,42.45000076,39.27000046,39.77000046,39.77000046,29845900
2022-08-09 00:00:00-04:00,38.75,38.84000015,36.31000137,36.75,36.75,34712100
2022-08-10 00:00:00-04:00,39.43999863,40.86999893,37.97000122,40.61000061,40.61000061,39813100
2022-08-11 00:00:00-04:00,42.81999969,45.43000031,39.65999985,40.41999817,40.41999817,55567200
2022-08-12 00:00:00-04:00,41.29999924,41.52999878,39.61000061,40.75999832,40.75999832,29889600
2022-08-15 00:00:00-04:00,40.13999939,41.09999847,38.86000061,39.84000015,39.84000015,28841600
2022-08-16 00:00:00-04:00,39.93000031,40.38999939,37.63000107,39.58000183,39.58000183,30792100
2022-08-17 00:00:00-04:00,38.75,39.01499939,37.09999847,37.29999924,37.29999924,29058800
2022-08-18 00:00:00-04:00,37.29000092,37.38000107,36.00999832,36.86000061,36.86000061,20334700
2022-08-19 00:00:00-04:00,36.09000015,36.43999863,34.11000061,34.20000076,34.20000076,28335200
2022-08-22 00:00:00-04:00,33.38999939,33.97999954,32.56999969,33.18000031,33.18000031,23788800
2022-08-23 00:00:00-04:00,33.04999924,33.79999924,32.38000107,32.47000122,32.47000122,20640400
2022-08-24 00:00:00-04:00,32.68000031,34.26499939,32.40999985,33.29000092,33.29000092,23435800
2022-08-25 00:00:00-04:00,33.74000168,34.70999908,33.29000092,34.34000015,34.34000015,23870600
2022-08-26 00:00:00-04:00,34.36999893,34.59000015,31.79999924,32.41999817,32.41999817,30300000
2022-08-29 00:00:00-04:00,31.76000023,33.20000076,31.76000023,31.94000053,31.94000053,21041800
2022-08-30 00:00:00-04:00,32.47000122,32.90999985,30.53000069,31.36000061,31.36000061,33550300
2022-08-31 00:00:00-04:00,31.97999954,33.34999847,31.34000015,31.64999962,31.64999962,26208600
2022-09-01 00:00:00-04:00,30.94000053,31.36000061,29.82099915,31.27000046,31.27000046,28553500
2022-09-02 00:00:00-04:00,31.79999924,31.98999977,29.86000061,30.11000061,30.11000061,31478500
2022-09-06 00:00:00-04:00,30.14999962,30.36000061,29.06999969,29.84000015,29.84000015,25659500
2022-09-07 00:00:00-04:00,29.95999908,31.09799957,29.37000084,30.97999954,30.97999954,22289300
2022-09-08 00:00:00-04:00,30.42000008,32.02999878,29.88999939,31.94000053,31.94000053,30419400
2022-09-09 00:00:00-04:00,32.43999863,34.90000153,32.34000015,34.81000137,34.81000137,40584300
2022-09-12 00:00:00-04:00,34.75,35.81000137,34.59999847,35.15999985,35.15999985,24260600
2022-09-13 00:00:00-04:00,32.75,33.52000046,32.40000153,32.70000076,32.70000076,29833300
2022-09-14 00:00:00-04:00,32.58000183,33.72999954,31.88999939,33.68999863,33.68999863,22981700
2022-09-15 00:00:00-04:00,33.15999985,34.72999954,32.93999863,33.84999847,33.84999847,23235200
2022-09-16 00:00:00-04:00,32.43000031,32.83000183,31.21999931,31.72999954,31.72999954,31975500
2022-09-19 00:00:00-04:00,31.17000008,33.02999878,31.13999939,32.93999863,32.93999863,25049700
2022-09-20 00:00:00-04:00,32.31000137,32.38999939,30.79000092,30.95000076,30.95000076,26104100
2022-09-21 00:00:00-04:00,31.04000092,32.43000031,30.5,30.54999924,30.54999924,28911800
2022-09-22 00:00:00-04:00,30.20999908,30.56900024,28.31999969,28.56999969,28.56999969,34457100
2022-09-23 00:00:00-04:00,28.40999985,28.90999985,27.64999962,28.76000023,28.76000023,27542900
2022-09-26 00:00:00-04:00,28.67000008,29.94000053,28.23999977,28.25,28.25,25033100
2022-09-27 00:00:00-04:00,29.03000069,29.39999962,27.65999985,27.85000038,27.85000038,23308500
2022-09-28 00:00:00-04:00,27.94000053,29.37000084,27.65999985,29.23999977,29.23999977,24820600
2022-09-29 00:00:00-04:00,28.31999969,28.60000038,26.51000023,26.77000046,26.77000046,32086900
2022-09-30 00:00:00-04:00,26.56999969,28.13999939,26.37999916,26.94000053,26.94000053,24803900
2022-10-03 00:00:00-04:00,27.29999924,28.21999931,26.47999954,27.76000023,27.76000023,26422900
2022-10-04 00:00:00-04:00,29.07999992,31.84499931,29,31.53000069,31.53000069,43031000
2022-10-05 00:00:00-04:00,30.42000008,31.25,30.12000084,30.82999992,30.82999992,24091900
2022-10-06 00:00:00-04:00,30.54999924,31.07999992,29.78000069,30.05999947,30.05999947,36022000
2022-10-07 00:00:00-04:00,29.07999992,29.19000053,27.01000023,27.20999908,27.20999908,29793400
2022-10-10 00:00:00-04:00,27.28000069,27.28000069,26.01000023,26.45000076,26.45000076,21516600
2022-10-11 00:00:00-04:00,26.39999962,26.57999992,24.95000076,25.67000008,25.67000008,32098000
2022-10-12 00:00:00-04:00,25.65999985,26.45000076,25.25499916,25.98999977,25.98999977,20772500
2022-10-13 00:00:00-04:00,24.11000061,26.55999947,23.62999916,26.23999977,26.23999977,34677500
2022-10-14 00:00:00-04:00,26.98999977,27.38999939,25.97999954,26.05999947,26.05999947,30443800
2022-10-17 00:00:00-04:00,27.45000076,27.99500084,27.06999969,27.76000023,27.76000023,22387300
2022-10-18 00:00:00-04:00,29.25,29.71999931,28.32999992,28.72999954,28.72999954,22754300
2022-10-19 00:00:00-04:00,28.45000076,28.62999916,27.84000015,28.35000038,28.35000038,22677700
2022-10-20 00:00:00-04:00,28.5,30.81999969,28.37999916,29.72999954,29.72999954,37547100
2022-10-21 00:00:00-04:00,29.03000069,29.75,28.03499985,29.75,29.75,32835900
2022-10-24 00:00:00-04:00,29.31999969,29.38999939,27.82999992,28.75,28.75,24463900
2022-10-25 00:00:00-04:00,29.15999985,30.15999985,29.14999962,29.82999992,29.82999992,19598800
2022-10-26 00:00:00-04:00,29.20000076,30.87000084,28.54999924,29.05999947,29.05999947,29275000
2022-10-27 00:00:00-04:00,31.03000069,34.59999847,30.89999962,34.09999847,34.09999847,85884000
2022-10-28 00:00:00-04:00,33.84000015,34.77999878,32.58000183,34.18999863,34.18999863,39189500
2022-10-31 00:00:00-04:00,34.06999969,36.15999985,33.90000153,34.22999954,34.22999954,46021100
2022-11-01 00:00:00-04:00,35.38000107,36.40000153,34.72000122,34.79000092,34.79000092,32527700
2022-11-02 00:00:00-04:00,34.93000031,36.06000137,33.50500107,33.50999832,33.50999832,34905000
2022-11-03 00:00:00-04:00,32.91999817,35.15599823,32.83000183,33.74000168,33.74000168,23395000
2022-11-04 00:00:00-04:00,34.72999954,35,31.32999992,32.15000153,32.15000153,30310900
2022-11-07 00:00:00-05:00,32.61000061,32.93000031,31.45999908,32.24000168,32.24000168,16129000
2022-11-08 00:00:00-05:00,32.56999969,33.25,31.65999985,32.79999924,32.79999924,18576000
2022-11-09 00:00:00-05:00,32.02999878,32.38999939,30.44000053,30.89999962,30.89999962,17640800
2022-11-10 00:00:00-05:00,33.90000153,36.59999847,33.45000076,36.50999832,36.50999832,32449100
2022-11-11 00:00:00-05:00,36.61000061,40.92100143,36.13000107,39.43999863,39.43999863,39173400
2022-11-14 00:00:00-05:00,39.04999924,39.31000137,37.91999817,38.40000153,38.40000153,17931100
2022-11-15 00:00:00-05:00,40.40999985,41.72999954,39.95999908,40.02000046,40.02000046,26589100
2022-11-16 00:00:00-05:00,39.06999969,39.77999878,37.86000061,38.50999832,38.50999832,17334200
2022-11-17 00:00:00-05:00,37.47999954,38.27000046,36.84000015,37.72000122,37.72000122,16916600
2022-11-18 00:00:00-05:00,38.29000092,38.36999893,36.08000183,36.59000015,36.59000015,14746300
2022-11-21 00:00:00-05:00,35.77000046,36.0909996,34.65999985,35.20999908,35.20999908,15565600
2022-11-22 00:00:00-05:00,35.11999893,35.38000107,34.38000107,35.27999878,35.27999878,12669100
2022-11-23 00:00:00-05:00,35.36999893,37.04000092,35.15000153,36.77000046,36.77000046,15970700
2022-11-25 00:00:00-05:00,36.72999954,37.00999832,36.04000092,36.79000092,36.79000092,9401500
2022-11-28 00:00:00-05:00,38.79999924,40.15000153,37.53699875,38.02999878,38.02999878,42560300
2022-11-29 00:00:00-05:00,38.47999954,39.95999908,36.72999954,37.15000153,37.15000153,29118200
2022-11-30 00:00:00-05:00,37.41999817,40.90000153,37.09000015,40.88000107,40.88000107,30671800
2022-12-01 00:00:00-05:00,41.45000076,43.74000168,41.29999924,43.40000153,43.40000153,33691900
2022-12-02 00:00:00-05:00,42.15000153,45.06000137,42.00999832,43.06000137,43.06000137,30820900
2022-12-05 00:00:00-05:00,42.77000046,43.70000076,40.40999985,40.79000092,40.79000092,22014000
2022-12-06 00:00:00-05:00,40.56999969,40.84999847,38.56999969,38.97000122,38.97000122,19295200
2022-12-07 00:00:00-05:00,38.08000183,38.99000168,37.72000122,38.49000168,38.49000168,23536600
2022-12-08 00:00:00-05:00,38.06999969,39.15000153,36.56000137,38.63999939,38.63999939,24816600
2022-12-09 00:00:00-05:00,38.45000076,40.35499954,38.32500076,38.38000107,38.38000107,21469400
2022-12-12 00:00:00-05:00,37.91999817,38.68000031,37.49000168,38.38000107,38.38000107,20040700
2022-12-13 00:00:00-05:00,41.81000137,42.70000076,38.56600189,38.77999878,38.77999878,26830000
2022-12-14 00:00:00-05:00,38.40000153,39.45000076,37.69400024,38.24000168,38.24000168,21245500
2022-12-15 00:00:00-05:00,37.29000092,37.79999924,36.04999924,36.38999939,36.38999939,17448200
2022-12-16 00:00:00-05:00,36.09000015,37.11000061,35.65000153,36.09000015,36.09000015,16908800
2022-12-19 00:00:00-05:00,36.09999847,36.29999924,35.22200012,35.5,35.5,14397600
2022-12-20 00:00:00-05:00,34.90000153,37.09999847,34.77999878,35.99000168,35.99000168,16742400
2022-12-21 00:00:00-05:00,36.18000031,36.93999863,35.29000092,36.18999863,36.18999863,13260500
2022-12-22 00:00:00-05:00,35.59999847,35.59999847,33.38999939,34.68000031,34.68000031,16498400
2022-12-23 00:00:00-05:00,34.20000076,34.54999924,33.10499954,33.70999908,33.70999908,13112800
2022-12-27 00:00:00-05:00,33.06000137,33.63499832,32.34999847,33.38999939,33.38999939,12400900
2022-12-28 00:00:00-05:00,33.20999908,33.70000076,32.39500046,32.63999939,32.63999939,13332100
2022-12-29 00:00:00-05:00,33.18000031,35.38000107,32.93000031,35.09999847,35.09999847,17645700
2022-12-30 00:00:00-05:00,34.31999969,35.14599991,34.15000153,34.70999908,34.70999908,13272900
2023-01-03 00:00:00-05:00,35.68999863,36.47999954,34.65000153,35.68000031,35.68000031,18847000
2023-01-04 00:00:00-05:00,36.29000092,37.77000046,35.70999908,37.54000092,37.54000092,20072500
2023-01-05 00:00:00-05:00,36.54999924,36.79000092,35.36000061,35.95000076,35.95000076,16462100
2023-01-06 00:00:00-05:00,36.11000061,37.25,34.97000122,36.84999847,36.84999847,15951900
2023-01-09 00:00:00-05:00,37.70000076,38.49000168,37.15999985,37.18999863,37.18999863,17446600
2023-01-10 00:00:00-05:00,36.97000122,37.40000153,36.04000092,36.5,36.5,20460400
2023-01-11 00:00:00-05:00,36.63999939,37.34999847,35.77999878,36.43999863,36.43999863,19921800
2023-01-12 00:00:00-05:00,37.29000092,37.40000153,35.59999847,36.75999832,36.75999832,19977600
2023-01-13 00:00:00-05:00,35.79999924,39.06999969,35.66999817,38.88999939,38.88999939,24097400
2023-01-17 00:00:00-05:00,39.18999863,40.29999924,38.04999924,39.97999954,39.97999954,20077200
2023-01-18 00:00:00-05:00,40.38000107,41.02999878,39.09500122,39.16999817,39.16999817,19447800
2023-01-19 00:00:00-05:00,38.41999817,39.47000122,37.90999985,38.06000137,38.06000137,15311900
2023-01-20 00:00:00-05:00,38.58000183,40.47999954,38.13999939,40.47999954,40.47999954,15073100
2023-01-23 00:00:00-05:00,42.11000061,44.11000061,41.90000153,44.04000092,44.04000092,29496300
2023-01-24 00:00:00-05:00,45.5,45.5,42,42.68999863,42.68999863,16032500
2023-01-25 00:00:00-05:00,44.95999908,48.27000046,44.34000015,47.33000183,47.33000183,59097900
2023-01-26 00:00:00-05:00,48.70000076,49.08000183,46.43999863,48.33000183,48.33000183,28958200
2023-01-27 00:00:00-05:00,47.75,50.16999817,47.61999893,50.08000183,50.08000183,24480200
2023-01-30 00:00:00-05:00,49.58000183,49.65000153,47.04999924,47.18999863,47.18999863,18872900
2023-01-31 00:00:00-05:00,47.88000107,49.74499893,47.72999954,49.27000046,49.27000046,21531600
2023-02-01 00:00:00-05:00,49.36999893,50.84000015,48.27999878,50.25999832,50.25999832,26964600
2023-02-02 00:00:00-05:00,52.74000168,54.49000168,52.33000183,53.63000107,53.63000107,26663500
2023-02-03 00:00:00-05:00,51.27000046,54.66500092,51,52.93000031,52.93000031,21572000
2023-02-06 00:00:00-05:00,51.66999817,52.88999939,51.40000153,51.56999969,51.56999969,13585900
2023-02-07 00:00:00-05:00,51.61000061,51.79999924,49.34000015,51.34999847,51.34999847,20441200
2023-02-08 00:00:00-05:00,51.11000061,51.72000122,49.75999832,49.79999924,49.79999924,13116400
2023-02-09 00:00:00-05:00,50.72000122,51.25999832,49.39500046,49.63999939,49.63999939,17396400
2023-02-10 00:00:00-05:00,48.86000061,49.15000153,47.32600021,48.29999924,48.29999924,14714100
2023-02-13 00:00:00-05:00,48.38000107,49.11999893,47.91999817,48.70000076,48.70000076,11358400
2023-02-14 00:00:00-05:00,48.75,50.72999954,47.93999863,50.11000061,50.11000061,18465400
2023-02-15 00:00:00-05:00,51,53.70000076,50.20999908,53.38999939,53.38999939,36098100
2023-02-16 00:00:00-05:00,45.54000092,46.91999817,44.30500031,44.90999985,44.90999985,66831900
2023-02-17 00:00:00-05:00,44.13999939,45.02999878,42.91999817,43.61000061,43.61000061,26415300
2023-02-21 00:00:00-05:00,42.13000107,42.84999847,41.13999939,41.41999817,41.41999817,24483300
2023-02-22 00:00:00-05:00,42.02999878,42.92499924,41.02000046,42.02999878,42.02999878,20094700
2023-02-23 00:00:00-05:00,42.68999863,42.81999969,40.93999863,42.38000107,42.38000107,20430900
2023-02-24 00:00:00-05:00,40.45000076,41.09000015,39.86999893,40.75,40.75,20981600
2023-02-27 00:00:00-05:00,40.93999863,41.04999924,39.74000168,40.47999954,40.47999954,18491800
2023-02-28 00:00:00-05:00,40.50999832,41.35900116,40.40999985,41.13999939,41.13999939,13054900
2023-03-01 00:00:00-05:00,41.13999939,41.45000076,40,40.09999847,40.09999847,13484800
2023-03-02 00:00:00-05:00,39.11999893,41.40999985,39.02000046,41.18000031,41.18000031,16917000
2023-03-03 00:00:00-05:00,41.31000137,43.48899841,41.22000122,43.40000153,43.40000153,16948500
2023-03-06 00:00:00-05:00,43.70999908,44.05500031,43.16999817,43.47999954,43.47999954,14875100
2023-03-07 00:00:00-05:00,43.11999893,43.68000031,42.22000122,42.45999908,42.45999908,13295700
2023-03-08 00:00:00-05:00,42.38000107,43.81999969,42.02500153,43.70000076,43.70000076,13779400
2023-03-09 00:00:00-05:00,43.72999954,45.97999954,42.74000168,43,43,24116800
2023-03-10 00:00:00-05:00,42.13999939,42.63499832,40.52000046,41.45999908,41.45999908,22080900
2023-03-13 00:00:00-04:00,40.52000046,42.76499939,39.79000092,41.77999878,41.77999878,18922300
2023-03-14 00:00:00-04:00,42.95999908,44.20999908,42.86000061,43.79999924,43.79999924,16867700
2023-03-15 00:00:00-04:00,42.63000107,43.56000137,42.09000015,43.54000092,43.54000092,17052200
2023-03-16 00:00:00-04:00,43.49000168,44.84999847,42.02000046,44.66999817,44.66999817,15374500
2023-03-17 00:00:00-04:00,44.22999954,45.38000107,43.75,44.68000031,44.68000031,17938000
2023-03-20 00:00:00-04:00,44.11000061,44.24000168,42.77999878,43.88000107,43.88000107,15361600
2023-03-21 00:00:00-04:00,44.09999847,46.04999924,44.09999847,45.74000168,45.74000168,14747400
2023-03-22 00:00:00-04:00,45.70999908,47.31999969,44.72000122,44.95999908,44.95999908,17080900
2023-03-23 00:00:00-04:00,45.81999969,46.94200134,45.11999893,45.79000092,45.79000092,15348800
2023-03-24 00:00:00-04:00,45.20000076,45.57899857,44.23500061,44.97999954,44.97999954,11154500
2023-03-27 00:00:00-04:00,45.36000061,45.88000107,44.25,45.06999969,45.06999969,10729600
2023-03-28 00:00:00-04:00,44.97999954,45.38999939,44,44.31000137,44.31000137,8872500
2023-03-29 00:00:00-04:00,44.75,46.72999954,44.75,46.70000076,46.70000076,14238100
2023-03-30 00:00:00-04:00,47.24000168,47.31999969,46.02000046,46.50999832,46.50999832,12119100
2023-03-31 00:00:00-04:00,46.49000168,48.13499832,45.95000076,47.93999863,47.93999863,13503600
2023-04-03 00:00:00-04:00,47.25,47.75999832,46.58000183,47.68000031,47.68000031,10349800
2023-04-04 00:00:00-04:00,47.77999878,48.25999832,47.31999969,47.59000015,47.59000015,11378400
2023-04-05 00:00:00-04:00,47.34000015,47.41999817,45.18000031,45.18999863,45.18999863,12283100
2023-04-06 00:00:00-04:00,44.68000031,45.63000107,43.5,45.34999847,45.34999847,11908500
2023-04-10 00:00:00-04:00,44.68999863,45.61000061,44.04899979,45.34999847,45.34999847,9589600
2023-04-11 00:00:00-04:00,45.09000015,45.54999924,44.18000031,44.77999878,44.77999878,9268300
2023-04-12 00:00:00-04:00,47.13999939,48.75,45.22000122,45.29999924,45.29999924,30890300
2023-04-13 00:00:00-04:00,45.75,46.72000122,45.63000107,45.72999954,45.72999954,12856300
2023-04-14 00:00:00-04:00,45.50999832,46.47499847,45.10699844,46.38999939,46.38999939,9819500
2023-04-17 00:00:00-04:00,46.11000061,48.81999969,45.90999985,48.52000046,48.52000046,17277700
2023-04-18 00:00:00-04:00,48.97000122,49.86000061,48.63000107,49.20000076,49.20000076,13933400
2023-04-19 00:00:00-04:00,48.41999817,49.40000153,48.31000137,49.04999924,49.04999924,10237300
2023-04-20 00:00:00-04:00,48.40000153,48.74000168,47.63999939,48,48,12161900
2023-04-21 00:00:00-04:00,48.22999954,48.99000168,47.84999847,48.93999863,48.93999863,12149000
2023-04-24 00:00:00-04:00,48.84999847,49.45500183,47.54000092,48.02000046,48.02000046,10039700
2023-04-25 00:00:00-04:00,47.5,47.5,46.27999878,46.45999908,46.45999908,9376800
2023-04-26 00:00:00-04:00,47.22999954,47.42499924,46.16999817,46.36999893,46.36999893,8126500
2023-04-27 00:00:00-04:00,47.43000031,47.61999893,46.34000015,47.59000015,47.59000015,11479500
2023-04-28 00:00:00-04:00,46.93999863,48.86999893,46.91999817,48.45000076,48.45000076,10411800
2023-05-01 00:00:00-04:00,48.13000107,48.91999817,47.13499832,47.27999878,47.27999878,9577300
2023-05-02 00:00:00-04:00,46.86999893,47.63000107,46.08000183,46.77999878,46.77999878,11255000
2023-05-03 00:00:00-04:00,46.79999924,47.97000122,46.18999863,46.27000046,46.27000046,15472700
2023-05-04 00:00:00-04:00,54.86999893,59.81999969,53.88000107,57.29999924,57.29999924,88927300
2023-05-05 00:00:00-04:00,57.29999924,62.53900146,57.02000046,62.02999878,62.02999878,43079500
2023-05-08 00:00:00-04:00,61.59999847,65.12999725,61.29000092,64.37999725,64.37999725,37097600
2023-05-09 00:00:00-04:00,63.47999954,63.93000031,62.36000061,63.88999939,63.88999939,20442800
2023-05-10 00:00:00-04:00,64.30999756,65.54000092,63.15999985,63.16999817,63.16999817,17461200
2023-05-11 00:00:00-04:00,62.40000153,63.0890007,61.58000183,62.90000153,62.90000153,15715100
2023-05-12 00:00:00-04:00,62.40000153,62.70999908,61.00999832,61.33000183,61.33000183,13654600
2023-05-15 00:00:00-04:00,60.75999832,62.31999969,60.70000076,61.58000183,61.58000183,10652900
2023-05-16 00:00:00-04:00,61.20000076,62,60.11999893,60.11999893,60.11999893,11089600
2023-05-17 00:00:00-04:00,60.47999954,61.08000183,59.41999817,60.75999832,60.75999832,10665600
2023-05-18 00:00:00-04:00,60.79000092,61.97999954,60.00999832,60.84999847,60.84999847,12967300
2023-05-19 00:00:00-04:00,60.70000076,61.04999924,59.79000092,60.20000076,60.20000076,11249200
2023-05-22 00:00:00-04:00,60.20999908,64.04599762,60.16999817,62.06000137,62.06000137,17253600
2023-05-23 00:00:00-04:00,61.27999878,62.04000092,57.97499847,58.33000183,58.33000183,20317600
2023-05-24 00:00:00-04:00,57.75,59.84000015,57.00999832,58.97000122,58.97000122,17906400
2023-05-25 00:00:00-04:00,59.47000122,59.58000183,57.43000031,57.70999908,57.70999908,11529500
2023-05-26 00:00:00-04:00,58,59.91999817,57.79499817,59.25999832,59.25999832,13636000
2023-05-30 00:00:00-04:00,60.59999847,61.49000168,57.74000168,58.18999863,58.18999863,12758600
2023-05-31 00:00:00-04:00,58.15999985,59.11000061,56.72999954,57.18999863,57.18999863,13151600
2023-06-01 00:00:00-04:00,56.41999817,58.59000015,55.41999817,57.93999863,57.93999863,17356600
2023-06-02 00:00:00-04:00,59.02999878,59.77999878,57.93000031,58.29000092,58.29000092,12240200
2023-06-05 00:00:00-04:00,58.04000092,60.84999847,57.93999863,59.91999817,59.91999817,14562400
2023-06-06 00:00:00-04:00,61.90000153,64.05999756,60.72000122,63.65999985,63.65999985,29211000
2023-06-07 00:00:00-04:00,64.01000214,64.81999969,59.32500076,59.56000137,59.56000137,18023900
2023-06-08 00:00:00-04:00,59.27999878,61.11999893,58.07600021,59.27999878,59.27999878,13235100
2023-06-09 00:00:00-04:00,59.79999924,62.29999924,59.59999847,61.36000061,61.36000061,12933200
2023-06-12 00:00:00-04:00,62.09999847,65.62000275,61.93000031,65.01000214,65.01000214,23168300
2023-06-13 00:00:00-04:00,66,66.5,63.29999924,63.84000015,63.84000015,16201900
2023-06-14 00:00:00-04:00,63.97999954,66.55999756,63.84999847,65.87999725,65.87999725,16711900
2023-06-15 00:00:00-04:00,65.33000183,66.33999634,63.81999969,66.09999847,66.09999847,11963300
2023-06-16 00:00:00-04:00,66.98999786,67.36000061,64.51000214,64.70999908,64.70999908,13552000
2023-06-20 00:00:00-04:00,65,66.56999969,63.31999969,64.26000214,64.26000214,12884400
2023-06-21 00:00:00-04:00,64.16000366,64.84999847,61.84999847,63.16999817,63.16999817,12508600
2023-06-22 00:00:00-04:00,62.65000153,64.05999756,62.04999924,63.47999954,63.47999954,11134600
2023-06-23 00:00:00-04:00,62.02999878,63.91999817,61.58000183,63.79000092,63.79000092,8603100
2023-06-26 00:00:00-04:00,63.36999893,64.94000244,63.11999893,63.25,63.25,8599300
2023-06-27 00:00:00-04:00,63.45000076,64.54000092,62.77999878,63.79999924,63.79999924,9592500
2023-06-28 00:00:00-04:00,63.79999924,66.30500031,63.29000092,64.62000275,64.62000275,10721700
2023-06-29 00:00:00-04:00,64.77999878,64.80999756,63.16999817,63.75999832,63.75999832,8527900
2023-06-30 00:00:00-04:00,64.47000122,65.34999847,64.19999695,64.59999847,64.59999847,10873300
2023-07-03 00:00:00-04:00,65.04000092,66.41999817,64.37000275,64.84999847,64.84999847,7509500
2023-07-05 00:00:00-04:00,64.62999725,64.73000336,63.06999969,64.44000244,64.44000244,12541100
2023-07-06 00:00:00-04:00,63.04999924,63.29999924,61.43999863,61.83000183,61.83000183,13301200
2023-07-07 00:00:00-04:00,62.11000061,63.33000183,61.59999847,61.66999817,61.66999817,7961300
2023-07-10 00:00:00-04:00,61.25,62.04000092,60.50999832,61.88999939,61.88999939,8457600
2023-07-11 00:00:00-04:00,62.25,63.27999878,62.11000061,63.15000153,63.15000153,8330100
2023-07-12 00:00:00-04:00,64.37000275,65.94999695,63.70000076,65.94000244,65.94000244,14865500
2023-07-13 00:00:00-04:00,67.01999664,70.5,66.80999756,70.37000275,70.37000275,22978300
2023-07-14 00:00:00-04:00,70.61000061,71.43000031,68.41999817,68.44999695,68.44999695,12088500
2023-07-17 00:00:00-04:00,68.59999847,69.88999939,67.87000275,68.68000031,68.68000031,9671300
2023-07-18 00:00:00-04:00,68.45999908,68.45999908,65.25,67.26000214,67.26000214,14982000
2023-07-19 00:00:00-04:00,67.87999725,69.12999725,67.41000366,68.23000336,68.23000336,9139300
2023-07-20 00:00:00-04:00,67.26999664,68.26799774,65.02500153,65.44000244,65.44000244,10732300
2023-07-21 00:00:00-04:00,66.26000214,66.63500214,65.19000244,65.56999969,65.56999969,7394600
2023-07-24 00:00:00-04:00,67,67.69999695,65.51000214,66.16999817,66.16999817,10457300
2023-07-25 00:00:00-04:00,65.91000366,66.48000336,64.85399628,64.98999786,64.98999786,8531200
2023-07-26 00:00:00-04:00,64.5,65.90000153,63.90999985,64.68000031,64.68000031,8663000
2023-07-27 00:00:00-04:00,66.31999969,67.79000092,63.52500153,63.95999908,63.95999908,12823800
2023-07-28 00:00:00-04:00,65.01000214,66.26000214,64.87000275,66.04000092,66.04000092,7783200
2023-07-31 00:00:00-04:00,66.94999695,68.30999756,66.76000214,67.58000183,67.58000183,9079000
2023-08-01 00:00:00-04:00,66.76999664,67.63999939,65.58999634,67.44999695,67.44999695,9900400
2023-08-02 00:00:00-04:00,65.63999939,66.18099976,61.99000168,62.43000031,62.43000031,25987400
2023-08-03 00:00:00-04:00,61.88000107,64.25,58.33000183,59.04000092,59.04000092,35450300
2023-08-04 00:00:00-04:00,60.25,61.18000031,57.66999817,57.93000031,57.93000031,17041900
2023-08-07 00:00:00-04:00,57.61000061,58.05899811,56.50999832,57.56999969,57.56999969,10887400
2023-08-08 00:00:00-04:00,56.45000076,57.31000137,55.72999954,56.18999863,56.18999863,12202300
2023-08-09 00:00:00-04:00,56.09999847,57.06499863,55.09000015,55.20000076,55.20000076,9709000
2023-08-10 00:00:00-04:00,56.29999924,57.20000076,55.38000107,56.47000122,56.47000122,11696400
2023-08-11 00:00:00-04:00,55.59000015,55.94200134,54.70999908,55.27000046,55.27000046,8671900
2023-08-14 00:00:00-04:00,54.54000092,55.99000168,54.3769989,55.97999954,55.97999954,6531000
2023-08-15 00:00:00-04:00,55.68999863,56.20000076,54.77000046,55.34000015,55.34000015,9741000
2023-08-16 00:00:00-04:00,55.15999985,55.94499969,54.34999847,55.34000015,55.34000015,8530700
2023-08-17 00:00:00-04:00,55.68999863,55.97000122,52.77500153,53.22000122,53.22000122,13873200
2023-08-18 00:00:00-04:00,51.47000122,53.25,51.20000076,53.13999939,53.13999939,12142800
2023-08-21 00:00:00-04:00,53.40999985,54.27000046,52.89899826,53.93000031,53.93000031,7606800
2023-08-22 00:00:00-04:00,54.70000076,55.08499908,53.84000015,53.95999908,53.95999908,6627500
2023-08-23 00:00:00-04:00,54.18999863,57.00500107,54.11000061,56.72999954,56.72999954,13232000
2023-08-24 00:00:00-04:00,57.09999847,57.16999817,54.93199921,55.45999908,55.45999908,8956200
2023-08-25 00:00:00-04:00,55.43000031,56.63999939,54.06800079,55.54000092,55.54000092,8956000
2023-08-28 00:00:00-04:00,56.24000168,56.72499847,55.75,56.31000137,56.31000137,7511900
2023-08-29 00:00:00-04:00,56.27999878,59.14899826,56.00999832,58.79999924,58.79999924,9897800
2023-08-30 00:00:00-04:00,58.59000015,60.02899933,58.36999893,60.00999832,60.00999832,7972400
2023-08-31 00:00:00-04:00,64.70999908,66.84999847,63.27999878,66.48999786,66.48999786,30505800
2023-09-01 00:00:00-04:00,66.68000031,67.59999847,65.88999939,66.70999908,66.70999908,13840600
2023-09-05 00:00:00-04:00,66.23999786,66.48999786,65.26999664,65.80000305,65.80000305,8858400
2023-09-06 00:00:00-04:00,65.04000092,66.26000214,65,65.81999969,65.81999969,8222700
2023-09-07 00:00:00-04:00,64.76000214,65.70999908,63.57099915,64.77999878,64.77999878,8711900
2023-09-08 00:00:00-04:00,64.33999634,64.82499695,62.78499985,63.00999832,63.00999832,9043500
2023-09-11 00:00:00-04:00,63.38999939,64.76000214,62.81000137,64.55999756,64.55999756,7924300
2023-09-12 00:00:00-04:00,63.72999954,64.91999817,62.90999985,62.93000031,62.93000031,7179900
2023-09-13 00:00:00-04:00,62.34000015,63.25999832,61.72200012,62.61999893,62.61999893,6920300
2023-09-14 00:00:00-04:00,63.08000183,63.83800125,62.65000153,63.40000153,63.40000153,7116800
2023-09-15 00:00:00-04:00,63.31000137,63.49000168,61.91999817,62.38000107,62.38000107,8571100
2023-09-18 00:00:00-04:00,62.04000092,62.41999817,59.37099838,59.5,59.5,11516400
2023-09-19 00:00:00-04:00,59.16999817,59.22999954,56.88000107,58.33000183,58.33000183,13471600
2023-09-20 00:00:00-04:00,58.61999893,58.70000076,56.83499908,56.97000122,56.97000122,8228600
2023-09-21 00:00:00-04:00,55.36999893,55.99000168,53.68000031,53.70000076,53.70000076,11303200
2023-09-22 00:00:00-04:00,54.74000168,55.27000046,52.88999939,53.08000183,53.08000183,9870000
2023-09-25 00:00:00-04:00,52.70999908,53.625,52.29999924,53.58000183,53.58000183,8314700
2023-09-26 00:00:00-04:00,52.90000153,53.63000107,51.36999893,51.50999832,51.50999832,10456000
2023-09-27 00:00:00-04:00,51.88000107,52.49499893,51.02999878,51.84999847,51.84999847,9041700
2023-09-28 00:00:00-04:00,51.25,53.88000107,50.59000015,53.20000076,53.20000076,13608000
2023-09-29 00:00:00-04:00,54.25999832,55.59000015,54.10200119,54.56999969,54.56999969,13696200
2023-10-02 00:00:00-04:00,54.22000122,55.20999908,53.50999832,54,54,8265300
2023-10-03 00:00:00-04:00,53,53.6780014,51.02000046,51.38000107,51.38000107,11280200
2023-10-04 00:00:00-04:00,52.15999985,52.75,51.15000153,52.58000183,52.58000183,10956700
2023-10-05 00:00:00-04:00,52.00999832,52.54999924,51.11199951,52.18999863,52.18999863,9268600
2023-10-06 00:00:00-04:00,51.43000031,53.90999985,51.20000076,53.65000153,53.65000153,12442400
2023-10-09 00:00:00-04:00,52.40999985,53.93000031,52.06000137,53.50999832,53.50999832,9709400
2023-10-10 00:00:00-04:00,53.72999954,55.5890007,53.56000137,55.08000183,55.08000183,9834000
2023-10-11 00:00:00-04:00,55.50999832,55.63800049,53.70999908,54.24000168,54.24000168,8505700
2023-10-12 00:00:00-04:00,54.5,55.02999878,52.91999817,53.33000183,53.33000183,10730800
2023-10-13 00:00:00-04:00,53.40000153,54.18999863,50.68999863,51.54999924,51.54999924,14373400
2023-10-16 00:00:00-04:00,51.91999817,53.59000015,51.04999924,53.27999878,53.27999878,10339500
2023-10-17 00:00:00-04:00,52.59000015,54.45999908,52.49000168,54.16999817,54.16999817,7962000
2023-10-18 00:00:00-04:00,54.58000183,56.19599915,52.43000031,52.84000015,52.84000015,15420800
2023-10-19 00:00:00-04:00,53.13000107,53.31800079,51.54000092,51.83000183,51.83000183,10438100
2023-10-20 00:00:00-04:00,51.56999969,52.45000076,50.61999893,51.13999939,51.13999939,8373000
2023-10-23 00:00:00-04:00,50.52999878,51.97999954,49.63999939,51,51,8851700
2023-10-24 00:00:00-04:00,51.5,52.88000107,51.25500107,52.34999847,52.34999847,7618800
2023-10-25 00:00:00-04:00,50.84999847,51.08000183,48.34999847,48.49000168,48.49000168,12658800
2023-10-26 00:00:00-04:00,48.84000015,49.36000061,45.81000137,46.68999863,46.68999863,17931300
2023-10-27 00:00:00-04:00,48.13000107,48.18000031,46.06000137,46.40000153,46.40000153,12207700
2023-10-30 00:00:00-04:00,47.09000015,47.84999847,46.25,46.91999817,46.91999817,10496200
2023-10-31 00:00:00-04:00,46.65000153,47.625,45.5,47.18999863,47.18999863,12046900
2023-11-01 00:00:00-04:00,47.54999924,48.86000061,47.15999985,48.79000092,48.79000092,19173700
2023-11-02 00:00:00-04:00,57.63999939,60.15000153,55.50699997,59.70000076,59.70000076,43602900
2023-11-03 00:00:00-04:00,59.86000061,61.84000015,58.95000076,61.47000122,61.47000122,22370000
2023-11-06 00:00:00-05:00,61.59000015,61.77999878,59.70999908,60.43000031,60.43000031,13284900
2023-11-07 00:00:00-05:00,60.70000076,62.34000015,60.02500153,61.68999863,61.68999863,11180400
2023-11-08 00:00:00-05:00,61.86999893,63.09000015,60.70399857,62.74000168,62.74000168,11987600
2023-11-09 00:00:00-05:00,62.52000046,63.34000015,60.33499908,60.36999893,60.36999893,13118300
2023-11-10 00:00:00-05:00,60.27000046,61.63000107,59.88999939,61.34000015,61.34000015,9322100
2023-11-13 00:00:00-05:00,61.22999954,62.40999985,60.24000168,62.34000015,62.34000015,8784100
2023-11-14 00:00:00-05:00,64.26000214,66.16999817,63.97999954,65.51999664,65.51999664,13168400
2023-11-15 00:00:00-05:00,65.81999969,68.34999847,65.76000214,67.84999847,67.84999847,13514500
2023-11-16 00:00:00-05:00,67.05999756,68.25499725,66.69000244,67.27999878,67.27999878,9160900
2023-11-17 00:00:00-05:00,66.93000031,68.88999939,66.80000305,68.33999634,68.33999634,9331700
2023-11-20 00:00:00-05:00,67.73000336,70.16000366,67.73000336,69.51000214,69.51000214,10277000
2023-11-21 00:00:00-05:00,69,69.91000366,68.16200256,69.73000336,69.73000336,8209100
2023-11-22 00:00:00-05:00,70.26000214,71.58000183,69.15000153,70.95999908,70.95999908,10215200
2023-11-24 00:00:00-05:00,70.5,71.20999908,70.23000336,70.34999847,70.34999847,5062800
2023-11-27 00:00:00-05:00,71.80999756,74.47000122,71.07900238,73.79000092,73.79000092,24288900
2023-11-28 00:00:00-05:00,72.41999817,74.22000122,72.19999695,73.51000214,73.51000214,12632000
2023-11-29 00:00:00-05:00,74.33999634,75.05999756,73,73.33000183,73.33000183,9815600
2023-11-30 00:00:00-05:00,73.36000061,73.83999634,72.12000275,72.81999969,72.81999969,7322300
2023-12-01 00:00:00-05:00,72.5,73.98999786,71.73999786,73.86000061,73.86000061,8839800
2023-12-04 00:00:00-05:00,73,73.66000366,71.37000275,72.51999664,72.51999664,9569200
2023-12-05 00:00:00-05:00,71.80000305,75.47000122,71.15000153,74.72000122,74.72000122,15768000
2023-12-06 00:00:00-05:00,73.76999664,74.18000031,71.06500244,71.13999939,71.13999939,13428600
2023-12-07 00:00:00-05:00,70.86000061,72.27999878,70.04000092,71.86000061,71.86000061,8471200
2023-12-08 00:00:00-05:00,71.26000214,73.01999664,71.23999786,72.51999664,72.51999664,7456600
2023-12-11 00:00:00-05:00,72.43000031,73.625,72.18000031,72.80999756,72.80999756,7101400
2023-12-12 00:00:00-05:00,72,72.625,71.06999969,72.5,72.5,6415900
2023-12-13 00:00:00-05:00,72.52999878,74.08999634,71.15000153,73.86000061,73.86000061,10910200
2023-12-14 00:00:00-05:00,75.30999756,77.63999939,74.84999847,77.54000092,77.54000092,13242200
2023-12-15 00:00:00-05:00,77.70999908,77.94999695,76.34999847,76.81999969,76.81999969,10416900
2023-12-18 00:00:00-05:00,75.75,77.47000122,75.62999725,77.12999725,77.12999725,9501600
2023-12-19 00:00:00-05:00,77.19999695,79.98999786,77.18000031,78.34999847,78.34999847,12464500
2023-12-20 00:00:00-05:00,78.09999847,78.69999695,75.15000153,75.41999817,75.41999817,9983300
2023-12-21 00:00:00-05:00,76.69999695,77.30000305,75.5,76.13999939,76.13999939,7496300
2023-12-22 00:00:00-05:00,76.44999695,77.16999817,76.15499878,76.83000183,76.83000183,6076700
2023-12-26 00:00:00-05:00,76.83000183,78.46499634,76.44000244,78.20999908,78.20999908,5251800
2023-12-27 00:00:00-05:00,78.19000244,78.68000031,77.33999634,78.33999634,78.33999634,6050200
2023-12-28 00:00:00-05:00,78.29000092,79.19999695,77.48000336,79.11000061,79.11000061,7608400
2023-12-29 00:00:00-05:00,79.12000275,79.73000336,77.25,77.90000153,77.90000153,9518700
2024-01-02 00:00:00-05:00,76.44000244,76.62999725,72.91000366,73.83000183,73.83000183,13134800
2024-01-03 00:00:00-05:00,72.08000183,72.98999786,71.18000031,71.81999969,71.81999969,9649900
2024-01-04 00:00:00-05:00,71.62999725,74.01999664,70.61499786,73.41999817,73.41999817,11927400
2024-01-05 00:00:00-05:00,73.31999969,75.9469986,73,74.51000214,74.51000214,9830200
2024-01-08 00:00:00-05:00,74.77999878,77.90000153,74.72000122,77.69000244,77.69000244,8232000
2024-01-09 00:00:00-05:00,77.25,80.23999786,76.91999817,80.11000061,80.11000061,10835000
2024-01-10 00:00:00-05:00,80.69000244,81.30000305,79.3710022,81.09999847,81.09999847,9866700
2024-01-11 00:00:00-05:00,81.15000153,82.65000153,79.12999725,81.30000305,81.30000305,10641200
2024-01-12 00:00:00-05:00,81.11000061,83.19000244,81,81.40000153,81.40000153,9252600
2024-01-16 00:00:00-05:00,80.27999878,82.13999939,79.62000275,81.31999969,81.31999969,11659700
2024-01-17 00:00:00-05:00,80.02999878,80.44000244,77.52999878,80.31999969,80.31999969,15898400
2024-01-18 00:00:00-05:00,80,81.01000214,77.20999908,77.51999664,77.51999664,11221200
2024-01-19 00:00:00-05:00,77.30999756,80.1780014,76.30999756,80.01000214,80.01000214,10241200
2024-01-22 00:00:00-05:00,80.91000366,82.83000183,79.69000244,80.26000214,80.26000214,9011700
2024-01-23 00:00:00-05:00,80.69999695,81.62000275,79.52999878,81.13999939,81.13999939,5700500
2024-01-24 00:00:00-05:00,82.27999878,83.36000061,80.66999817,80.73000336,80.73000336,7675800
2024-01-25 00:00:00-05:00,81.26999664,81.69999695,79.13999939,80.48999786,80.48999786,6926800
2024-01-26 00:00:00-05:00,80.51000214,82.83999634,80.47499847,81.55000305,81.55000305,6839200
2024-01-29 00:00:00-05:00,81.73999786,83.57499695,81.47000122,83.54000092,83.54000092,6479000
2024-01-30 00:00:00-05:00,82.77999878,83.25,81.68000031,82.33000183,82.33000183,5529000
2024-01-31 00:00:00-05:00,81.30000305,82.22000122,79.95999908,80.06999969,80.06999969,6749700
2024-02-01 00:00:00-05:00,79.37000275,79.58000183,75.81999969,76.72000122,76.72000122,14190000
2024-02-02 00:00:00-05:00,81,83.02999878,79.33000183,82.93000031,82.93000031,17644900
2024-02-05 00:00:00-05:00,82.44000244,82.80000305,80.02999878,81.40000153,81.40000153,8558300
2024-02-06 00:00:00-05:00,81.40000153,82.03800201,79.76999664,81.55999756,81.55999756,5548000
2024-02-07 00:00:00-05:00,82.09999847,85.45999908,81.80000305,85.16999817,85.16999817,13242600
2024-02-08 00:00:00-05:00,85.02999878,91.44000244,84.90000153,87.87000275,87.87000275,20834800
2024-02-09 00:00:00-05:00,90,91.20999908,88.91999817,90.72000122,90.72000122,11356900
2024-02-12 00:00:00-05:00,91.40000153,91.56999969,88.98000336,89.12000275,89.12000275,17188800
2024-02-13 00:00:00-05:00,77.80000305,83.48999786,77.01000214,77.18000031,77.18000031,40164900
2024-02-14 00:00:00-05:00,79.11000061,80.69999695,77.48000336,80.66999817,80.66999817,18016700
2024-02-15 00:00:00-05:00,80.23999786,84.05000305,79.59999847,84,84,15483200
2024-02-16 00:00:00-05:00,82.25,83.66999817,80.34999847,81.29000092,81.29000092,13691800
2024-02-20 00:00:00-05:00,79.94999695,80.58000183,77.72000122,78.62000275,78.62000275,10349300
2024-02-21 00:00:00-05:00,77,78.05999756,74.66999817,75.58999634,75.58999634,10553400
2024-02-22 00:00:00-05:00,78.27999878,78.83000183,74.87000275,75.02999878,75.02999878,11326800
2024-02-23 00:00:00-05:00,75.05000305,76.80000305,73.84999847,76.23999786,76.23999786,10235600
2024-02-26 00:00:00-05:00,76.30999756,78.25,76.20999908,77.55999756,77.55999756,8935200
2024-02-27 00:00:00-05:00,77.55999756,77.62999725,75.90000153,76.62999725,76.62999725,7449300
2024-02-28 00:00:00-05:00,75.55999756,76.19000244,74.72699738,75.55999756,75.55999756,5208500
2024-02-29 00:00:00-05:00,76.26999664,77.13999939,75.02999878,76.37000275,76.37000275,6693400
2024-03-01 00:00:00-05:00,77.11000061,78.66000366,76.30999756,76.58999634,76.58999634,7791000
2024-03-04 00:00:00-05:00,76.47000122,76.52999878,73.98999786,75.76999664,75.76999664,7395000
2024-03-05 00:00:00-05:00,74.80000305,74.93000031,72.63999939,73.47000122,73.47000122,8691200
2024-03-06 00:00:00-05:00,74.18000031,74.84999847,72.91500092,74.01000214,74.01000214,5757300
2024-03-07 00:00:00-05:00,74.26000214,75.95999908,73.19999695,75.33000183,75.33000183,7592500
2024-03-08 00:00:00-05:00,76.08000183,79.58000183,76.08000183,76.16000366,76.16000366,10437000
2024-03-11 00:00:00-04:00,75.59999847,76.29000092,74.44000244,74.97000122,74.97000122,5191200
2024-03-12 00:00:00-04:00,75.94999695,76.69000244,74.58100128,76.36000061,76.36000061,5667100
2024-03-13 00:00:00-04:00,76.19000244,79.40000153,76.09999847,78.68000031,78.68000031,10975300
2024-03-14 00:00:00-04:00,78.52999878,79.80000305,77.36000061,78.41999817,78.41999817,7244200
2024-03-15 00:00:00-04:00,78.23000336,79.06999969,76.76000214,77.15000153,77.15000153,5818900
2024-03-18 00:00:00-04:00,78,78,76.26000214,77.51999664,77.51999664,5440700
2024-03-19 00:00:00-04:00,76.73000336,78.52999878,75.30000305,77.52999878,77.52999878,5736500
2024-03-20 00:00:00-04:00,77.52999878,81.62000275,77.28500366,81.33000183,81.33000183,6793700
2024-03-21 00:00:00-04:00,81.66000366,83.38999939,79.55999756,79.58999634,79.58999634,11345900
2024-03-22 00:00:00-04:00,78.88999939,80.37000275,78.37999725,78.72000122,78.72000122,4559100
2024-03-25 00:00:00-04:00,78.09999847,79.55999756,77.73500061,78.41999817,78.41999817,4596000
2024-03-26 00:00:00-04:00,79.04000092,79.75,77.75,78.52999878,78.52999878,4442200
2024-03-27 00:00:00-04:00,79.34999847,79.37999725,77.45999908,78.62000275,78.62000275,4399700
2024-03-28 00:00:00-04:00,78.80000305,79.19499969,77,77.16999817,77.16999817,4261000
2024-04-01 00:00:00-04:00,77.34999847,78.62999725,76.27999878,78.19000244,78.19000244,6588400
2024-04-02 00:00:00-04:00,76.61000061,78.59999847,75.94999695,78.12000275,78.12000275,6692400
2024-04-03 00:00:00-04:00,78.27999878,79.29000092,75.12999725,75.63999939,75.63999939,9874100
2024-04-04 00:00:00-04:00,75.61000061,77.06999969,74.55999756,74.80999756,74.80999756,8530700
2024-04-05 00:00:00-04:00,74.59999847,75.99199677,73.69000244,75.27999878,75.27999878,6587200
2024-04-08 00:00:00-04:00,75.20999908,75.45999908,73.31999969,74.37999725,74.37999725,7051900
2024-04-09 00:00:00-04:00,74.36000061,75.08000183,73.5,74.91999817,74.91999817,4362300
2024-04-10 00:00:00-04:00,72.80000305,73.12000275,71.58999634,71.98000336,71.98000336,8018300
2024-04-11 00:00:00-04:00,71.98000336,72.26999664,70.48999786,71.56999969,71.56999969,11728000
2024-04-12 00:00:00-04:00,70.88999939,71.19000244,69.19000244,70,70,11013500
2024-04-15 00:00:00-04:00,70,70.41000366,68.38999939,68.56999969,68.56999969,8733200
2024-04-16 00:00:00-04:00,68.47000122,69.33999634,68.01499939,68.69999695,68.69999695,9249200
2024-04-17 00:00:00-04:00,69.5,71,68.97000122,69.41000366,69.41000366,8373200
2024-04-18 00:00:00-04:00,69.33000183,70.94999695,68.15000153,69.51000214,69.51000214,7360500
2024-04-19 00:00:00-04:00,71,71.62999725,68.79000092,69.66999817,69.66999817,10289300
2024-04-22 00:00:00-04:00,70.05000305,71.26999664,69.31999969,70.55000305,70.55000305,5908200
2024-04-23 00:00:00-04:00,71.27999878,74.58999634,71.22000122,74.01000214,74.01000214,9517500
2024-04-24 00:00:00-04:00,74.40000153,74.71600342,71.65000153,72.26000214,72.26000214,6086500
2024-04-25 00:00:00-04:00,70.43000031,71.36000061,69.56900024,70.55000305,70.55000305,6770500
2024-04-26 00:00:00-04:00,71.31999969,71.83000183,70.73500061,71.33000183,71.33000183,4611800
2024-04-29 00:00:00-04:00,73.80999756,74.04000092,71.37999725,72.48000336,72.48000336,9918000
2024-04-30 00:00:00-04:00,72.40000153,74.48000336,70.18000031,70.19999695,70.19999695,8246200
2024-05-01 00:00:00-04:00,70.20999908,72.08000183,68.87999725,70.40000153,70.40000153,7432900
2024-05-02 00:00:00-04:00,71.98999786,72.72000122,70.23000336,72,72,5387100
2024-05-03 00:00:00-04:00,73.77999878,74.87999725,73.05999756,74.45999908,74.45999908,7346400
2024-05-06 00:00:00-04:00,75,77.80000305,74.41999817,77.37000275,77.37000275,11042600
2024-05-07 00:00:00-04:00,76.52999878,77.82499695,75.29499817,77.05000305,77.05000305,11383800
2024-05-08 00:00:00-04:00,63.66999817,64.19999695,60.63999939,62.72999954,62.72999954,58311600
2024-05-09 00:00:00-04:00,63.56999969,63.79999924,61.61000061,62.45000076,62.45000076,19819700
2024-05-10 00:00:00-04:00,62.72000122,62.74000168,58.65000153,58.93999863,58.93999863,30675600
2024-05-13 00:00:00-04:00,59.06999969,59.47999954,58.25999832,58.77999878,58.77999878,12847600
2024-05-14 00:00:00-04:00,58.65999985,58.77000046,56.91999817,58.02999878,58.02999878,20334800
2024-05-15 00:00:00-04:00,59.16999817,59.66999817,58.34999847,58.77000046,58.77000046,11174300
2024-05-16 00:00:00-04:00,58.65000153,58.99000168,57.77999878,57.81000137,57.81000137,9636000
2024-05-17 00:00:00-04:00,57.95000076,58.59000015,57.04000092,58.52999878,58.52999878,12303900
2024-05-20 00:00:00-04:00,58.86999893,59.20999908,58.29999924,58.90999985,58.90999985,7786100
2024-05-21 00:00:00-04:00,58.5,58.61999893,57.00999832,57.02000046,57.02000046,13778700
2024-05-22 00:00:00-04:00,58.88000107,60.11000061,58.20999908,58.70000076,58.70000076,18624500
2024-05-23 00:00:00-04:00,58.61000061,59.08000183,57.47999954,57.63999939,57.63999939,11415500
2024-05-24 00:00:00-04:00,57.11000061,58.06000137,56.90999985,56.97000122,56.97000122,8507100
2024-05-28 00:00:00-04:00,57.00999832,58.22000122,56.31000137,58.18999863,58.18999863,10785200
2024-05-29 00:00:00-04:00,57.54999924,58.56999969,57.25999832,58.36999893,58.36999893,7784000
2024-05-30 00:00:00-04:00,58.40999985,58.77999878,57.90999985,58.54000092,58.54000092,9829800
2024-05-31 00:00:00-04:00,58.79999924,59.22999954,57.75,59.15000153,59.15000153,12261100
2024-06-03 00:00:00-04:00,59.40999985,59.93999863,58.38000107,59.70000076,59.70000076,8640300
2024-06-04 00:00:00-04:00,59.45999908,60.68500137,59.20999908,60.68000031,60.68000031,11589700
2024-06-05 00:00:00-04:00,61.18000031,61.70000076,60.27999878,61.25,61.25,11092500
2024-06-06 00:00:00-04:00,60.15000153,61.47999954,60.15000153,61.45999908,61.45999908,7391300
2024-06-07 00:00:00-04:00,61.27500153,61.93999863,60.65999985,61.59000015,61.59000015,7099200
2024-06-10 00:00:00-04:00,61.38000107,63.74000168,61.27000046,63.00999832,63.00999832,10629100
2024-06-11 00:00:00-04:00,63.86999893,64.69000244,63.22999954,63.81999969,63.81999969,11760200
2024-06-12 00:00:00-04:00,64.62000275,66.51000214,64.22000122,65.47000122,65.47000122,13945200
2024-06-13 00:00:00-04:00,65.59999847,65.79000092,64.12999725,64.69000244,64.69000244,9163400
2024-06-14 00:00:00-04:00,65.86000061,68.20999908,65.43000031,67.66000366,67.66000366,17915800
2024-06-17 00:00:00-04:00,67.25,67.33000183,64.75,66.51999664,66.51999664,12112100
2024-06-18 00:00:00-04:00,65.90000153,66.11000061,63.97000122,64.25,64.25,11280600
2024-06-20 00:00:00-04:00,64.37999725,64.87000275,63.15000153,63.88000107,63.88000107,7405100
2024-06-21 00:00:00-04:00,63.81000137,65.19000244,63.40999985,65.02999878,65.02999878,8199700
2024-06-24 00:00:00-04:00,65.62000275,65.81999969,63.40999985,64.30999756,64.30999756,10464500
2024-06-25 00:00:00-04:00,64.48000336,65.48999786,64.05999756,64.77999878,64.77999878,6484600
2024-06-26 00:00:00-04:00,65.19999695,65.52999878,64.44000244,65.44999695,65.44999695,6978900
2024-06-27 00:00:00-04:00,65.29000092,66.83999634,65.16000366,66.37000275,66.37000275,7716300
2024-06-28 00:00:00-04:00,66.59999847,67.18000031,65.45999908,66.05000305,66.05000305,6650600
2024-07-01 00:00:00-04:00,65.95999908,65.97000122,63.04999924,64.62999725,64.62999725,8395400
2024-07-02 00:00:00-04:00,64.87999725,66.12999725,64.33999634,66.05999756,66.05999756,6762900
2024-07-03 00:00:00-04:00,66.26000214,67.22000122,66.26000214,66.73000336,66.73000336,3931000
2024-07-05 00:00:00-04:00,66.94499969,68.04299927,66.36000061,67.62999725,67.62999725,6441500
2024-07-08 00:00:00-04:00,67.52999878,67.79299927,66.94000244,67.33999634,67.33999634,4606000
2024-07-09 00:00:00-04:00,67.04000092,67.51999664,65.72200012,66.12999725,66.12999725,6523000
2024-07-10 00:00:00-04:00,66.30000305,66.33000183,64.61000061,65.61000061,65.61000061,7121000
2024-07-11 00:00:00-04:00,65.65000153,66.16999817,64.79000092,65.30999756,65.30999756,7238500
2024-07-12 00:00:00-04:00,65.84999847,65.98500061,64.62999725,64.88999939,64.88999939,7778500
2024-07-15 00:00:00-04:00,65.02999878,65.23000336,63.93000031,64.20999908,64.20999908,7073300
2024-07-16 00:00:00-04:00,67.26000214,70.04000092,66.83000183,69.72000122,69.72000122,21416800
2024-07-17 00:00:00-04:00,68.16999817,68.40000153,63.70000076,64.80999756,64.80999756,14176000
2024-07-18 00:00:00-04:00,65.90000153,66.08999634,62.72000122,63.11000061,63.11000061,7904800
2024-07-19 00:00:00-04:00,62.50999832,64.18000031,62.45000076,63.15999985,63.15999985,6686100
2024-07-22 00:00:00-04:00,63.45999908,63.77999878,61.43999863,62.68999863,62.68999863,9143800
2024-07-23 00:00:00-04:00,63,63.63999939,62.65000153,62.65999985,62.65999985,5392700
2024-07-24 00:00:00-04:00,62.09999847,62.52000046,59.15999985,59.27000046,59.27000046,8255600
2024-07-25 00:00:00-04:00,59.27000046,60.97499847,58.04000092,59.43999863,59.43999863,6873300
2024-07-26 00:00:00-04:00,61.41999817,61.52000046,59.81000137,59.93999863,59.93999863,5256400
2024-07-29 00:00:00-04:00,60.15000153,60.56999969,59.52000046,59.86999893,59.86999893,5046000
2024-07-30 00:00:00-04:00,59.83000183,61.02000046,58.93000031,59.20000076,59.20000076,6669800
2024-07-31 00:00:00-04:00,60.31999969,61.88000107,60.13000107,61.20000076,61.20000076,8649400
2024-08-01 00:00:00-04:00,61.59999847,62,57.25,58.16999817,58.16999817,9598300
2024-08-02 00:00:00-04:00,54.61000061,55.18000031,52.54499817,54.43000031,54.43000031,18357900
2024-08-05 00:00:00-04:00,48.58599854,53.36000061,48.56000137,52.25999832,52.25999832,16525200
2024-08-06 00:00:00-04:00,53.13999939,54.88999939,52.34000015,54.22000122,54.22000122,18567200
2024-08-07 00:00:00-04:00,64.5,67.77999878,63.54999924,63.88999939,63.88999939,49976600
2024-08-08 00:00:00-04:00,64.23999786,68.77999878,63.90999985,68.55000305,68.55000305,19891500
2024-08-09 00:00:00-04:00,68.16000366,69.32499695,67.41500092,69.30000305,69.30000305,10931200
2024-08-12 00:00:00-04:00,69.08999634,70.73300171,68.05000305,68.30999756,68.30999756,11134000
2024-08-13 00:00:00-04:00,68.83999634,70.06999969,68.68000031,69.90000153,69.90000153,10545500
2024-08-14 00:00:00-04:00,70.33999634,71.76000214,69.94000244,71.58999634,71.58999634,9032300
2024-08-15 00:00:00-04:00,73.01999664,74.91000366,73.01000214,74.84999847,74.84999847,10849700
2024-08-16 00:00:00-04:00,74.33000183,75.35500336,74.10500336,74.55000305,74.55000305,5403600
2024-08-19 00:00:00-04:00,74.55000305,75.16999817,73.91999817,75.16000366,75.16000366,6246700
2024-08-20 00:00:00-04:00,75,75.68000031,74.16000366,74.87000275,74.87000275,8513000
2024-08-21 00:00:00-04:00,75,76.19999695,74.87000275,76.13999939,76.13999939,5760500
2024-08-22 00:00:00-04:00,76.04000092,76.30000305,74.23000336,74.30000305,74.30000305,4772900
2024-08-23 00:00:00-04:00,75,76.44000244,74.69000244,76.13999939,76.13999939,5405600
2024-08-26 00:00:00-04:00,76.11000061,76.83000183,74.91999817,74.94999695,74.94999695,4047000
2024-08-27 00:00:00-04:00,74.47000122,74.87000275,72.86000061,74.52999878,74.52999878,4389800
2024-08-28 00:00:00-04:00,74.23000336,74.37000275,71.76000214,72.52999878,72.52999878,5551700
2024-08-29 00:00:00-04:00,72.90000153,74.33999634,72.87000275,73.26999664,73.26999664,3620100
2024-08-30 00:00:00-04:00,73.55000305,74.33000183,73.12000275,74.06999969,74.06999969,3019300
2024-09-03 00:00:00-04:00,73.15000153,73.22000122,70.81999969,71.26000214,71.26000214,5773600
2024-09-04 00:00:00-04:00,70.86000061,71.75,69.62000275,70.22000122,70.22000122,4612800
2024-09-05 00:00:00-04:00,70,70.93000031,69.30500031,70.11000061,70.11000061,3296200
2024-09-06 00:00:00-04:00,70.37999725,70.55899811,65.86000061,67.01000214,67.01000214,7380400
2024-09-09 00:00:00-04:00,68.48000336,69.48999786,67.13999939,68.12999725,68.12999725,4298600
2024-09-10 00:00:00-04:00,68.79000092,68.90000153,66.94999695,68.16999817,68.16999817,4530300
2024-09-11 00:00:00-04:00,68.55000305,71.76000214,68.09999847,71.51999664,71.51999664,7063300
2024-09-12 00:00:00-04:00,70.72000122,71.98000336,69.62999725,71.30999756,71.30999756,6187700
2024-09-13 00:00:00-04:00,71.83000183,73.44000244,71.76000214,72.44999695,72.44999695,5655600
2024-09-16 00:00:00-04:00,72.09999847,73.69999695,71.47000122,73.58000183,73.58000183,4184700
2024-09-17 00:00:00-04:00,75.5,75.76000214,73.66000366,74.44999695,74.44999695,8177400
2024-09-18 00:00:00-04:00,74.83000183,76.97000122,74.58999634,75.22000122,75.22000122,7039400
2024-09-19 00:00:00-04:00,77.40000153,79.30999756,76.63999939,78.68000031,78.68000031,9864300
2024-09-20 00:00:00-04:00,78.61000061,79.51999664,77.30999756,78.72000122,78.72000122,5612900
2024-09-23 00:00:00-04:00,79,80.80000305,78.84999847,80.11000061,80.11000061,7896200
2024-09-24 00:00:00-04:00,80.76999664,81.06999969,78.77999878,80.33000183,80.33000183,5398200
2024-09-25 00:00:00-04:00,80.12999725,80.91000366,79.01000214,79.26000214,79.26000214,5021900
2024-09-26 00:00:00-04:00,80.44000244,81.08999634,78.76999664,80.75,80.75,5729700
2024-09-27 00:00:00-04:00,80.81999969,81.15000153,79.19000244,79.20999908,79.20999908,3973600
2024-09-30 00:00:00-04:00,79.06999969,80.36000061,78.5,80.13999939,80.13999939,4462800
2024-10-01 00:00:00-04:00,80,80.23999786,77.76999664,78.44999695,78.44999695,5656200
2024-10-02 00:00:00-04:00,78.51000214,79.30500031,77.93000031,79.09999847,79.09999847,3110500
2024-10-03 00:00:00-04:00,78.5,79.31999969,77.69000244,78.13999939,78.13999939,4625400
2024-10-04 00:00:00-04:00,79.80999756,82.63999939,79.5,82.43000031,82.43000031,7737900
2024-10-07 00:00:00-04:00,81.84999847,82.09999847,80.30000305,80.86000061,80.86000061,5495800
2024-10-08 00:00:00-04:00,81,83.13999939,80.59999847,82.58000183,82.58000183,5723800
2024-10-09 00:00:00-04:00,82.62999725,84.1190033,82.62999725,83.41000366,83.41000366,4741400
2024-10-10 00:00:00-04:00,82.36000061,83.65499878,82.29599762,82.70999908,82.70999908,3937200
2024-10-11 00:00:00-04:00,81.97000122,84.19999695,81.88999939,83.23999786,83.23999786,3775000
2024-10-14 00:00:00-04:00,83.83999634,84.37000275,82.66000366,83.68000031,83.68000031,3759800
2024-10-15 00:00:00-04:00,83.59999847,83.76999664,80.45999908,81.93000031,81.93000031,6484700
2024-10-16 00:00:00-04:00,81.94999695,82.26999664,80.33999634,81.84999847,81.84999847,4929300
2024-10-17 00:00:00-04:00,82.88999939,83.18000031,81.13999939,81.62999725,81.62999725,3519800
2024-10-18 00:00:00-04:00,82.25,82.9489975,82.02999878,82.68000031,82.68000031,3862200
2024-10-21 00:00:00-04:00,82.02999878,83.25499725,81.29000092,82.66000366,82.66000366,5437900
2024-10-22 00:00:00-04:00,81.5,82.54499817,81.16000366,81.61000061,81.61000061,4624800
2024-10-23 00:00:00-04:00,81.23000336,81.91000366,79.12000275,79.66000366,79.66000366,4832300
2024-10-24 00:00:00-04:00,80,80.38999939,78.83999634,79.81999969,79.81999969,3981400
2024-10-25 00:00:00-04:00,80.09999847,80.97000122,78.77999878,79.05000305,79.05000305,3834500
2024-10-28 00:00:00-04:00,79.61499786,80.18000031,79.31500244,79.87000275,79.87000275,3327700
2024-10-29 00:00:00-04:00,79.39499664,80.80000305,79.20999908,80.38999939,80.38999939,5131300
2024-10-30 00:00:00-04:00,80.02999878,80.51499939,79.27999878,80.01000214,80.01000214,3712300
2024-10-31 00:00:00-04:00,79.75,80.38999939,77.12000275,78.20999908,78.20999908,4637000
2024-11-01 00:00:00-04:00,79.05000305,79.88999939,77.94000244,78.98999786,78.98999786,6189900
2024-11-04 00:00:00-05:00,78.70999908,79.05999756,77.69999695,78.44000244,78.44000244,3584500
2024-11-05 00:00:00-05:00,78.55000305,80.04000092,78.23000336,79.56999969,79.56999969,4652300
2024-11-06 00:00:00-05:00,81.55000305,82.12000275,80.12999725,81.91999817,81.91999817,5169800
2024-11-07 00:00:00-05:00,82.16000366,85.83999634,82.09999847,85.55000305,85.55000305,6623700
2024-11-08 00:00:00-05:00,85.59999847,87.26000214,85.25,87.12000275,87.12000275,7439000
2024-11-11 00:00:00-05:00,88.94999695,92.16000366,88.70999908,89.98999786,89.98999786,20014100
2024-11-12 00:00:00-05:00,107.5199966,114.5100021,106,108.9199982,108.9199982,63946200
2024-11-13 00:00:00-05:00,107.5,115.6200027,106.1800003,115.0899963,115.0899963,20642000
2024-11-14 00:00:00-05:00,115.2900009,115.2900009,109,109.0800018,109.0800018,13147900
2024-11-15 00:00:00-05:00,107.0999985,108.7890015,105.25,108.4899979,108.4899979,10764200
2024-11-18 00:00:00-05:00,108.9000015,109.1100006,105.7600021,105.8799973,105.8799973,6689800
2024-11-19 00:00:00-05:00,104.3099976,105.3799973,103.2699966,104.5899963,104.5899963,9038100
2024-11-20 00:00:00-05:00,104.8300018,105.0699997,102.5800018,103.9400024,103.9400024,7632600
2024-11-21 00:00:00-05:00,103.7399979,108.2099991,103.2600021,106.4800034,106.4800034,10624700
2024-11-22 00:00:00-05:00,107.0100021,107.5,105.3300018,106.9599991,106.9599991,7059900
2024-11-25 00:00:00-05:00,109.3000031,112.4499969,108.6299973,111,111,10139300
2024-11-26 00:00:00-05:00,109.6999969,113.9000015,109.0800018,112.0800018,112.0800018,8029000
2024-11-27 00:00:00-05:00,111.4400024,112.5899963,110.9440002,112.5400009,112.5400009,4665600
2024-11-29 00:00:00-05:00,113.1600037,116.3499985,112.5299988,115.5999985,115.5999985,6178300
2024-12-02 00:00:00-05:00,115.2200012,115.9929962,111.1200027,112.9800034,112.9800034,9839600
2024-12-03 00:00:00-05:00,112.75,113.7900009,111.0400009,111.8600006,111.8600006,8263400
2024-12-04 00:00:00-05:00,112.3300018,115.7900009,112.3000031,113.4300003,113.4300003,7736700
2024-12-05 00:00:00-05:00,113.4300003,115.4599991,112.9400024,114.0899963,114.0899963,5291000
2024-12-06 00:00:00-05:00,116.7200012,120.7200012,116.4000015,118.3700027,118.3700027,10136400
2024-12-09 00:00:00-05:00,118.5899963,118.9400024,114.0800018,115.2900009,115.2900009,6325700
2024-12-10 00:00:00-05:00,114.7799988,116.6500015,112.6849976,113.4499969,113.4499969,5139800
2024-12-11 00:00:00-05:00,115.3600006,117.8600006,114.1600037,117.3700027,117.3700027,6459000
2024-12-12 00:00:00-05:00,116.2200012,118.3199997,115.1500015,115.3099976,115.3099976,6059300
2024-12-13 00:00:00-05:00,115.5199966,116.5,113.4400024,114.6299973,114.6299973,4667200
2024-12-16 00:00:00-05:00,115.7249985,117,114.6900024,115.9400024,115.9400024,5178900
2024-12-17 00:00:00-05:00,115.1399994,119.8499985,114.9499969,119.4899979,119.4899979,8038100
2024-12-18 00:00:00-05:00,118.8050003,120.098999,109.5100021,109.6999969,109.6999969,8810400
2024-12-19 00:00:00-05:00,111.3000031,111.4400024,105.7099991,107.0699997,107.0699997,10550200
2024-12-20 00:00:00-05:00,105.3000031,109.9599991,104.5,108.9499969,108.9499969,6709500
2024-12-23 00:00:00-05:00,108.5299988,110.0839996,107.4700012,109.25,109.25,4097200
2024-12-24 00:00:00-05:00,109.625,110.3600006,108.5100021,110.1800003,110.1800003,1848500
2024-12-26 00:00:00-05:00,109.7799988,110.6200027,108.8880005,109.9599991,109.9599991,2222300
2024-12-27 00:00:00-05:00,109.4400024,109.8000031,106.5199966,108.1800003,108.1800003,3966400
2024-12-30 00:00:00-05:00,105.0699997,107.1900024,104.5400009,106.6900024,106.6900024,4096800
2024-12-31 00:00:00-05:00,106.75,107.3099976,105.4599991,106.3300018,106.3300018,3768700
2025-01-02 00:00:00-05:00,107.5,108.3199997,104.9100037,107.5299988,107.5299988,4433700
2025-01-03 00:00:00-05:00,108.8700027,109.6900024,107.5400009,109.25,109.25,2957900
2025-01-06 00:00:00-05:00,112.2399979,114.2900009,111.5,114.2399979,114.2399979,7073800
2025-01-07 00:00:00-05:00,114.9000015,115.3700027,106.0800018,106.7799988,106.7799988,6152200
2025-01-08 00:00:00-05:00,106.4800034,108.0299988,105.0199966,107.6399994,107.6399994,5185500
2025-01-10 00:00:00-05:00,103.9400024,104.4950027,99.79100037,103.7099991,103.7099991,8971700
2025-01-13 00:00:00-05:00,101,102.1399994,99.05000305,101.7600021,101.7600021,8081400
2025-01-14 00:00:00-05:00,103.1100006,103.3600006,100.75,101.6100006,101.6100006,5096700
2025-01-15 00:00:00-05:00,104.4899979,104.8300018,102.8310013,104.2399979,104.2399979,6234900
2025-01-16 00:00:00-05:00,104.3899994,105.6200027,103.1350021,103.5,103.5,4105900
2025-01-17 00:00:00-05:00,105.5,105.8000031,103.0400009,103.3499985,103.3499985,5583600
2025-01-21 00:00:00-05:00,104.1399994,106.8300018,103.8000031,106.2799988,106.2799988,5068900
2025-01-22 00:00:00-05:00,107.3399963,107.7900009,105.75,106.3700027,106.3700027,3426800
2025-01-23 00:00:00-05:00,106.0599976,106.4789963,105.0400009,106.0999985,106.0999985,4358500
2025-01-24 00:00:00-05:00,106.4499969,109.3899994,106.1600037,107.6800003,107.6800003,5950500
2025-01-27 00:00:00-05:00,104.4499969,108.3899994,102.5199966,107.3799973,107.3799973,5333100
2025-01-28 00:00:00-05:00,109,117.9400024,109,117.4499969,117.4499969,13963900
2025-01-29 00:00:00-05:00,116.6999969,118.4000015,114.7699966,116.5899963,116.5899963,9269300
2025-01-30 00:00:00-05:00,116.5899963,119.8300018,115.8000031,119.1800003,119.1800003,6284700
2025-01-31 00:00:00-05:00,119.6100006,122,116.5400009,116.8000031,116.8000031,7756300
2025-02-03 00:00:00-05:00,111.8700027,115.7900009,110.5500031,114.3899994,114.3899994,8572400
2025-02-04 00:00:00-05:00,116.3000031,120.4800034,116.1299973,119.1999969,119.1999969,7362300
2025-02-05 00:00:00-05:00,119.2699966,121.9100037,118.5500031,121.7300034,121.7300034,6058900
2025-02-06 00:00:00-05:00,122.0100021,122.8099976,116.8700027,118.5800018,118.5800018,7207100
2025-02-07 00:00:00-05:00,118.1100006,119.6600037,116.5199966,117.4100037,117.4100037,5835800
2025-02-10 00:00:00-05:00,121.4599991,123.4100037,119.1399994,119.9000015,119.9000015,13060700
2025-02-11 00:00:00-05:00,122.2799988,125.9499969,114.6999969,123.5899963,123.5899963,34842700
2025-02-12 00:00:00-05:00,119.0500031,122.4899979,116.6999969,120.4899979,120.4899979,13307400
2025-02-13 00:00:00-05:00,121,128,120.0999985,127.6500015,127.6500015,10940300
2025-02-14 00:00:00-05:00,125.7600021,128.5700073,123.8799973,128.3500061,128.3500061,8511300
2025-02-18 00:00:00-05:00,129.0800018,129.3800049,124.1900024,129.3099976,129.3099976,7251900
2025-02-19 00:00:00-05:00,129.0500031,129.0500031,124.4000015,127.6600037,127.6600037,7766900
2025-02-20 00:00:00-05:00,126.9000015,126.9499969,120.8000031,123.4700012,123.4700012,8855900
2025-02-21 00:00:00-05:00,125.1999969,125.5,115.3000031,115.5599976,115.5599976,10064100
2025-02-24 00:00:00-05:00,115.5599976,117.0299988,109.8099976,115.4800034,115.4800034,8545000
2025-02-25 00:00:00-05:00,113.2900009,115,107,110.9499969,110.9499969,9977700
2025-02-26 00:00:00-05:00,111.8799973,114.8000031,110.8399963,113.2300034,113.2300034,4905900
2025-02-27 00:00:00-05:00,114.8499985,115.5899963,110.1500015,110.8300018,110.8300018,5790100
2025-02-28 00:00:00-05:00,109,112.0899963,107.5800018,112,112,6271700
2025-03-03 00:00:00-05:00,112.8899994,115.2089996,104.8099976,106.5800018,106.5800018,7795200
2025-03-04 00:00:00-05:00,103.6100006,104.1930008,97.84999847,101.7300034,101.7300034,13995300
2025-03-05 00:00:00-05:00,102.7600021,106.6500015,101.5899963,106.1500015,106.1500015,8409400
2025-03-06 00:00:00-05:00,103.5100021,109.4499969,101.3600006,102.4899979,102.4899979,12036200
2025-03-07 00:00:00-05:00,100.8499985,103.5,95.36000061,100.1299973,100.1299973,13894500
2025-03-10 00:00:00-04:00,96.06999969,96.18699646,91.69000244,92.75,92.75,16385300
2025-03-11 00:00:00-04:00,92.75,95.10900116,91.15000153,92.94999695,92.94999695,12127100
2025-03-12 00:00:00-04:00,96.66999817,99.13500214,95.29000092,96.52999878,96.52999878,8531900
2025-03-13 00:00:00-04:00,95.16999817,95.52999878,89.09999847,90.58999634,90.58999634,11076400
2025-03-14 00:00:00-04:00,94.61000061,95.83000183,93.05999756,94.84999847,94.84999847,7060700